	Group	Unnamed: 1	Questions	Answer
0	Q1	slovem	Co je duševní vlastnictví?; Co známená duševní vlastnictví? Duševní vlastnictví je?; Definice duševního vlastnictví; Jak definovat duševní vlastnictví; Co představuje duševní vlastnictví?	"Duševní vlastnictví zahrnuje práva k předmětům nehmotné povahy (nehmotným statkům), které člověk vytvořil svojí tvůrčí duševní činností. V průmyslové oblasti jsou jimi například vynálezy, užitné vzory, průmyslové vzory, ochranné známky, zeměpisná označení, označení původu (práva k průmyslovému vlastnictví). 

Dále sem patří práva vztahující se k autorským dílům, například literárním, grafickým, architektonickým, výtvarným a hudebním. Za dílo se rovněž považuje počítačový program, případně databáze, pokud jsou autorovým vlastním duševním výtvorem. Do této oblasti patří i práva související s právem autorským, jako jsou práva výkonných umělců, nakladatelů, výrobců záznamů a podobně (práva autorská a související).

Více na https://upv.gov.cz/o-uradu/nejcastejsi-dotazy-faq-"
1		hlasem	Co je duševní vlastnictví?; Co známená duševní vlastnictví? Duševní vlastnictví je?; Definice duševního vlastnictví?; Jak definovat duševní vlastnictví?; Co představuje duševní vlastnictví? Řekni mi, co je duševní vlastnictví.	
2	Q2	slovem	Ochrana předmětů technického (charakteru | typu); Ochrana technických řešení; Jak chránit technické řešení?; Způsob ochrany předmětů technického (charakteru | typu); Způsob ochrany (technických řešení | technického řešení); Jak zajistit (technické řešení | technická řešení)?; Možnosti ochrany předmětů technického (charakteru | typu); Možnosti ochrany (technického řešení | technických řešení);	"Technické řešení lze chránit formou patentu na vynález, případně zapsaného užitného vzoru, podáním přihlášky vynálezu nebo užitného vzoru, u Úřadu průmyslového vlastnictví, a zaplacení správního poplatku. Princip této ochrany spočívá v tom, že stát prostřednictvím Úřadu průmyslového vlastnictví poskytne přihlašovateli výlučné právo k předmětu ochrany s tím, že chráněné řešení bude zveřejněno.

Pokud vlastník řešení nechce, aby pro něho významné řešení nebo poznatky byly zveřejněny, musí je utajit. K utajení poznatků a znalostí je důležité zvolit vhodná opatření: omezit přístup k řešení jen důvěryhodným osobám, které podepsaly dohodu o utajování. Při této formě ochrany existuje vždy určité riziko vyzrazení. V takovém případě utajené poznatky přestávají být obchodním tajemstvím a stávají se obecně známými a v zásadě tak volnými k využití.

Pokud vlastník řešení nemá zájem na zajištění vlastní průmyslově-právní ochrany a nechce, aby ochrana shodného řešení a výlučné právo k němu nebyly poskytnuty třetí osobě nebo konkurenci, musí řešení kvalifikovaně zveřejnit, například v časopise nebo veřejné přednášce. Vzhledem k tomuto zveřejnění se řešení stane stavem techniky a nebude tedy splňovat podmínky pro poskytnutí průmyslově-právní ochrany.

Pokud si vlastník nezajistí některou z uvedených forem ochrany, musí počítat s tím, že shodné řešení může využívat kdokoliv, aniž je možné mu v tom účinně bránit.

Více na https://upv.gov.cz/o-uradu/nejcastejsi-dotazy-faq-"
3		hlasem	Řekni mi, jak chranit předměty technického (charakteru | typu); Jaké jsou možnosti ochrany (technických řešení | technického řešení); Jak chránit technické řešení?; Jaké jsou způsoby ochrany předmětů technického (charakteru | typu); Způsob ochrany (technických řešení | technického řešení); Jak zajistit technické řešení?; Jaké jsou možnosti ochrany předmětů technického (charakteru | typu); Jaké jsou možnosti ochrany (technického řešení | technických řešení); Řekni mi jak chránit předměty technického (charakteru | typu).	
4	Q3	slovem	Pomoc s (registrací | přihláškou) (vynálezu | patentu | užitného vzoru | průmyslového vzoru | ochranné známky | průmyslového designu | ochranného označení); Kdo pomůže s (přihláškou | přihlašováním) (vynálezu | patentu | užitného vzoru | průmyslového vzoru | ochranné známky | průmyslového designu | ochranného označení)?; Kdo poskytne pomoc s (registrací | přihláškou) (vynálezu | patentu | užitného vzoru | průmyslového vzoru | ochranné známky | průmyslového designu | ochranného označení)?; Pomůžete mi s (registrací | přihláškou) (vynálezu | patentu | užitného vzoru | průmyslového vzoru | ochranné známky | průmyslového designu | ochranného označení)? Na koho se můžu obrátit s (registrací | přihláškou) (vynálezu | patentu | užitného vzoru | průmyslového vzoru | ochranné známky | průmyslového designu | ochranného označení)? Na koho se obrátit s (registrací | přihláškou) (vynálezu | patentu | užitného vzoru | průmyslového vzoru | ochranné známky | průmyslového designu | ochranného označení)?	"Příprava a zpracování přihlášek k předmětům průmyslové ochrany předpokládá specifické znalosti a zkušenosti. Především v případě přihlášek vynálezů se doporučuje, aby byly zpracovány odborníkem, jelikož nesprávně zpracované přihlášky vynálezu a zejména jejich patentové nároky mohou mít pro přihlašovatele negativní následky, zejména pokud jde o získaný rozsah ochrany.

Pomoc, případně odborné zastoupení, mohou nalézt přihlašovatelé u patentových zástupců a u advokátních kanceláří. Více informací o zastupování je možné nalézt na webových stránkách Komory patentových zástupců a České advokátní komory.

Základní informace spojené s problematikou ochrany technických řešení či s řízením o přihláškách vynálezů a užitných vzorů, stejně jako informace spojené se známkoprávní problematikou, s řízením o přihláškách ochranných známek či zatřiďováním výrobků a služeb pro účely známkoprávního řízení Vám mohou poskytnout pracovníci informačního střediska Úřadu průmyslového vlastnictví.

Více na https://upv.gov.cz/o-uradu/nejcastejsi-dotazy-faq-. Komora patentových zástupců zde: https://www.patzastupci.cz/. Česká advokátní komora zde: https://www.cak.cz/. Helpdesk ÚPV zde: https://upv.gov.cz/sluzby/informacni-sluzby/informacni-stredisko.  "
5		hlasem	Pomůžeš mi (zaregistrovat | podat přihlášku) (vynálezu | patentu | užitného vzoru | průmyslového vzoru | ochranné známky | průmyslového designu | ochranného označení)?; Kdo mi pomůže s (registrací | přihláškou) (vynálezu | patentu | užitného vzoru | průmyslového vzoru | ochranné známky | průmyslového designu | ochranného označení?); Pomůžete mi s (registrací | přihláškou) (vynálezu | patentu | užitného vzoru | průmyslového vzoru | ochranné známky | průmyslového designu | ochranného označení)? Na koho se můžu obrátit s (registrací | přihláškou) (registrací | přihláškou) (vynálezu | patentu | užitného vzoru | průmyslového vzoru | ochranné známky | průmyslového designu | ochranného označení)? Na koho se obrátit s (registrací | přihláškou) (registrací | přihláškou) (vynálezu | patentu | užitného vzoru | průmyslového vzoru | ochranné známky | průmyslového designu | ochranného označení)?	
6	Q4	slovem	"Vymáhání práv z průmyslového vlastnictví; Vymáhání práv; Jak vymáhat (práva | právo); Co je to vymáhání práva z průmyslového vlastnictví?; Co znamená vymáhání práva z průmyslového vlastnictví?; Jak vymáhat práva z průmyslového vlastnictví?; Co dělat v případě porušení práv průmyslového vlastnictví? Co dělat v případě porušení práv?
"	"V případě neoprávněného zásahu do práv z průmyslového vlastnictví - patentu, zapsaného užitného nebo průmyslového vzoru je možné se domáhat u soudu zejména toho, aby rušení práva bylo zakázáno a aby následky porušení byly odstraněny. Pokud byla v důsledku porušování práv způsobena škoda, má poškozený právo na její náhradu.

Vymáhat práva z průmyslového vlastnictví je oprávněn vlastník nebo majitel práva, případně další oprávněná osoba podle Zákona o vymáhání práv z průmyslového vlastnictví.

Více na https://upv.gov.cz/o-uradu/nejcastejsi-dotazy-faq-"
7		hlasem	"Co mám dělat v případě porušení (práva | práv)? Co mám dělat v případě porušení práva průmyslového vlastnictví? Řekni mi jak vymáhat práva z průmyslového vlastnictví; Jak vymáhat práva; Co je to vymáhání práva? Co je to vymáhání práva z průmyslového vlastnictví?; Co znamená vymáhání (práv | práva) z průmyslového vlastnictví?; Jak vymáhat práva z průmyslového vlastnictví?; Jak postupovat když bylo porušeno právo průmyslového vlastnictví?
"	
8	Q5	slovem	Spory; Spor; Prosazování práv; Prosazování práv z průmyslového vlastnictví; Pomoc ve (sporu | sporech); Co dělat ve sporu?; (Pomůžeš | Pomůžete) mi s prosazováním práv?; Jak postupovat při (sporu | sporech)?; Poskytujete pomoc při (prosazování práv | prosazování práv z průmyslového vlastnictví | ve sporech | ve sporu)?; Jak probíhá prosazování práv z průmyslového vlastnictví?; Jak probíhá prosazování práv? Pomáháte se (zajištěním | prosazováním) práv?; Pomáháte se (zajištěním | prosazováním) práv z průmyslového vlastnictví? Může (Úřad | ÚPV) pomoci (s prosazováním práv | ve sporech | ve sporu)? Pomůže (Úřad | ÚPV | vy) ve sporech? Můžu se na vás obrátit v prosazování svých práv? Jak mi pomůžete s prosazováním práv? Pomůžete mi ve sporu? Chci vědět jeslti mi pomůžete při (prosazování práv | ve sporu); Jak se můžu bránit (ve sporu | v prosazování práv)?	"Pokud se jedná o spor nebo nejasnosti o využívání patentu či zapsaného užitného vzoru, opravňují právní předpisy Úřad průmyslového vlastnictví k tomu, aby rozhodl, zda určité technické řešení, například konkurenční výrobek, spadá do rozsahu patentu nebo zapsaného užitného vzoru. Rozhodnutí Úřad vydá na základě žádosti o určení, podané buď majitelem patentu či užitného vzoru, nebo osoby, která osvědčí právní zájem. Rozhodnutí o určení je možné v případě sporu předložit soudu jako důkaz, soud však tímto rozhodnutím není vázán.

Určitou možnost v rámci prosazování práv pro třetí osoby představuje návrh na zrušení patentu v případě, že se dodatečně zjistí, že chráněný vynález nesplňuje podmínky patentovatelnosti. Částečné nebo úplné zrušení patentu lze dosáhnout na základě žádosti, kterou může u Úřadu průmyslového vlastnictví podat kdokoliv. Podobně je takto možné postupovat i u výmazu užitného a průmyslového vzoru.

V případě ochranných známek je možné ve lhůtě tří měsíců od zveřejnění přihlašovaného označení v zákonem uvedených případech podat námitky proti zápisu označení do rejstříku ochranných známek. Po zápisu ochranné známky do rejstříku je možné u Úřadu podat návrh na zrušení ochranné známky či návrh na prohlášení ochranné známky za neplatnou.

K zajištění ochrany Vašich práv z průmyslového vlastnictví se doporučuje sledovat pravidelně Věstník Úřadu, kde jsou pravidelně zveřejňovány informace o přihláškách i poskytnutých právech - tj. o patentech, zapsaných užitných a průmyslových vzorech i ochranných známkách, platných na našem území.

Více na https://upv.gov.cz/o-uradu/nejcastejsi-dotazy-faq-. Věstník zde: https://isdv.upv.cz/webapp/resdb.vestnik.seznam"
9		hlasem	Spory; Spor; Prosazování práv; Prosazování práv z průmyslového vlastnictví; Pomoc ve (sporu | sporech); Co dělat ve sporu?; Řekni mi co dělat ve sporu; Řekni mi jeslti poskytujete pomoc při sporech; (Pomůžeš | Pomůžete) mi s prosazováním práv? Jak postupovat při (sporu | sporech)? Poskytujete pomoc při (prosazování práv  | prosazování práv z průmyslového vlastnictví | ve sporech | ve sporu)? Jak probíhá prosazování práv z průmyslového vlastnictví?; Jak probíhá prosazování práv? Pomáháte se (zajištěním | prosazováním) práv?; Pomáháte se (zajištěním | prosazováním) práv z průmyslového vlastnictví? Může (Úřad | úřad | ÚPV) pomoci (s prosazováním práv | ve sporech | ve sporu)? Pomůže (Úřad | úřad | ÚPV | vy) ve sporech? Můžu se na vás obrátit v prosazování svých práv? Jak mi pomůžete s prosazováním práv? Pomůžete mi ve sporu? Chci vědět jeslti mi pomůžete při (prosazování práv | ve sporu); Jak se můžu bránit (ve sporu | v prosazování práv)?	
10	Q6	slovem	(Porušování | porušení) práv z duševního vlastnictví; (Kam | Na koho) se obrátit v případě porušení práv z duševního vlastnictví?; Kde hledat pomoc (při | v případě) porušení práv duševního vlastnictví?; Jak vymáhat práva z duševního vlastnictví? Na koho se obrátit s vymáháním práv z duševního vlastnictví? Kdo mi pomůže s vymáháním práv z duševního vlastnictví? Kdo mi pomůže při porušení práv z duševního vlastnictví? Jak chránit práva duševního vlastnictví?	"

V případě, že zjistíte porušování práv z duševního vlastnictví, je možné se obrátit na některé veřejnoprávní instituce. Problematikou porušování práv z duševního vlastnictví se zabývá Česká obchodní inspekce, která kontroluje, zda nedochází ke klamání spotřebitele porušováním práv duševního vlastnictví. Kontrolní činnosti v této oblasti provádí také Státní zemědělské a potravinářská inspekce, živnostenské úřady a Státní ústav pro kontrolu léčiv. Celní správa České republiky se zapojuje do boje proti padělání a pirátství. Celní orgány jsou oprávněny zasáhnout vůči zboží, které je podezřelé z porušování práv duševního vlastnictví a umožnit majitelům dotčených práv jejich ochranu. Povinnost plnit úkoly při ochraně práv k duševnímu vlastnictví má také Policie ČR.

Práva z duševního vlastnictví lze vymoci i soukromoprávní cestou prostřednictvím soudů, případně i rozhodců.

Než vlastník práva zvolí soudní cestu, měl by využít všechny možnosti mimosoudní obrany proti porušování práv. Nejprve nejlépe formou doporučeného dopisu oslovit domnělého porušovatele a zahájit s ním jednání. Součástí jednání může být také nabídka licence.

Pokud uvedených možností nevyužijí nebo nedojdou k oboustranné dohodě, nezbývá než využít možností, které poskytují právní předpisy, například Zákon o vymáhání práv z průmyslového vlastnictví. V takovém případě je vhodné využít služeb advokáta či patentového zástupce. V případě vzniklé škody může oprávněná osoba požadovat její náhradu nebo náhradu za bezdůvodné obohacování, případně přiměřené zadostiučinění.

Vymáhat právo z duševního vlastnictví je možné také žalobou proti nekalé soutěži dle občanského zákoníku.

Pokud dojde k úmyslnému porušení práv z průmyslového vlastnictví, může se jednat o trestný čin, za který je možné uložit trest odnětí svobody, peněžitý trest nebo propadnutí věci.

V případě, že protiprávní jednání nemá charakter trestného činu, je možný postih v rámci přestupkového zákona. Za takový přestupek mohou obecní úřady uložit pokutu, trest propadnutí věci, případné trest zákazu činnosti.

Více na https://upv.gov.cz/o-uradu/nejcastejsi-dotazy-faq-"
11		hlasem	(Porušování | porušení) práv z duševního vlastnictví; (Kam | Na koho) se obrátit při porušení práv z duševního vlastnictví?; Kde hledat pomoc (při | v případě) porušení práv duševního vlastnictví?; Jak vymáhat práva z duševního vlastnictví? Na koho se obrátit s vymáháním práv z duševního vlastnictví? Kdo mi pomůže s vymáháním práv z duševního vlastnictví? Kdo mi pomůže při porušení práv z duševního vlastnictví? Jak chránit práva duševního vlastnictví?	
12	Q7	slovem	Lhůta pro podání námitek; Lhůta pro podání námitek proti zápisu; Lhůta pro podání námitek proti zápisu přihlašovaného označení do rejstříku ochranných známek; Jaká je lhůta pro podání námitek?; Zápis přihlašovaného označení; Zápis přihlašovaného označení do rejstříku ochranných známek; Lze prodloužit lhůtu pro podání námitek? Do kdy můžu podat námitku proti zápisu?	"Lhůta k podání námitek proti zápisu přihlašovaného označení do rejstříku ochranných známek trvá ze Zákona o ochranných známkách tři měsíce od data zveřejnění přihlášky ochranné známky ve Věstníku Úřadu a nelze ji prodloužit a ani její zmeškání prominout.

Více na https://upv.gov.cz/o-uradu/nejcastejsi-dotazy-faq-"
13		hlasem	Lhůta pro podání námitek; Lhůta pro podání námitek proti zápisu; Lhůta pro podání námitek proti zápisu přihlašovaného označení do rejstříku; Podání námitek; Jaká je lhůta pro podání námitek?; Řekni mi jaká je ůhůta k podání námitek; Zápis přihlašovaného označení; Zápis přihlašovaného označení do rejstříku ochranných známek; Lze prodloužit lhůtu pro podání námitek? Do kdy můžu podat námitku proti zápisu? Můžu podat námitku proti zápisu?	
14	Q8	slovem	Námitky. Námitka. Námitkové řízení. Kdo může podat (námitky | námitku)?; Kdo má právo vznést (námitku | námitky)?; Můžu podat námitku proti zápisu do rejstříku? Jak probíhá námitkové řízení? Můžu podat námitku proti zápisu?	"Námitky mohou podat osoby vymezené v ustanovení 7 Zákona o ochranných známkách. Nejčastěji se jedná o vlastníka ochranné známky, uživatele nezapsaného či jiného označení nebo osoby, jejichž zákonem chráněné právo může být přihláškou ochranné známky dotčeno.

Více na https://upv.gov.cz/o-uradu/nejcastejsi-dotazy-faq-"
15		hlasem	Námitky. Námitka. Námitkové řízení. Kdo může podat (námitky | námitku)?; Kdo má právo vznést (námitku | námitky)?; Můžu podat námitku proti zápisu do rejstříku? Řekni mi kdo může podat námitku proti zápisu do rejstříku? Jak probíhá námitkové řízení? Jak podat námitku? 	
16	Q9	slovem	Rozšíření námitky. Nové důkazy při námitce. Můžu (námitku | námitky) doplnit (novými důkazy | dokumentací | odůvodněním)? Lze (námitku | námitky) doplnit (novými důkazy | dokumentací)? Lze námitku rozšířit? Je možné rozšířit námitku? 	"Námitky je třeba podat, a zaplatit příslušný správní poplatek, ve lhůtě 3 měsíců od data zveřejnění přihlášky ochranné známky, proti jejímuž zápisu směřují. V této lhůtě lze doplňovat důkazy či rozšířit námitkové důvody. K doplnění námitek a k důkazům předloženým na jejich podporu po lhůtě 3 měsíců od zveřejnění přihlášky se nepřihlíží, jestliže se nejedná o takové důkazy, které by měly přímou vazbu na důkazy předložené v zákonem stanovené lhůtě.

https://upv.gov.cz/o-uradu/nejcastejsi-dotazy-faq-"
17		hlasem	Rozšíření námitky. Nové důkazy při námitce. Můžu (námitku | námitky) doplnit (novými důkazy | dokumentací | odůvodněním)? Lze (námitku | námitky) doplnit (novými důkazy | dokumentací | odůvodněním)? Lze námitku rozšířit? Je možné rozšířit námitku? Řekni mi, jeslti můžu podat nové důkazy při námitce. Řekni mi, jeslti můžu rozšířit námitku.  	
18	Q10	slovem	Obdržení námitky. Co dělat když (dostanu | obdržím) námitku. Jak postupovat když (dostanu | obdržím) námitku. Jak postupovat při obdržení námitky. (Dostal | dostala | dostali) jsme námitky, co (mám | máme) dělat? (Dostal | dostala | dostali) jsme námitky, jak postupovat? (Dostal | dostala | dostali) jsme námitky, co bude následovat? 	"V případě obdržení námitky je třeba zhodnotit jejich opodstatněnost, a následně formulovat váš názor v písemném vyjádření a podpořit ho vhodnými doklady. Toto vyjádření je možné samostatně vypracovat nebo tím pověřit svého právního zástupce (nejčastěji advokáta nebo patentového zástupce).

Společně s námitkami je přihlašovateli doručen postupovací dopis Úřadu, v němž je stanovena lhůta k podání vyjádření. Tuto lhůtu je možno na základě zpoplatněné žádosti prodloužit. V případě, že se k námitkám ve stanovené lhůtě přihlašovatel nevyjádří, rozhodne Úřad o námitkách podle obsahu spisu.

V rámci předmětu sporu se lze též pokusit o nalezení smírného řešení formou dohody s namítajícím. K dalším možnostem řešení sporu lze například zařadit omezení přihlašovaného seznamu o námitkami dotčené výrobky nebo služby, čímž odpadne důvod podání námitek. Toto omezení lze provést kdykoliv a nelze ho vzít zpět.

Pokud je přihláška ochranné známky napadána jen v určitém rozsahu výrobků nebo služeb, může přihlašovatel svou přihlášku ochranné známky rozdělit a námitkami dotčené výrobky nebo služby vyčlenit do samostatné přihlášky ochranné známky.

V neposlední řadě může přihlašovatel vzít svou přihlášku ochranné známky kdykoliv zpět. V takovém případě se řízení o přihlášce ochranné známky a následně i řízení o námitkách zastaví (a správní poplatek za podání přihlášky ochranné známky se nevrací).

Více na https://upv.gov.cz/o-uradu/nejcastejsi-dotazy-faq-"
19		hlasem	Obdržení námitky. Co dělat když (dostanu | obdržím) námitku. Jak postupovat když (dostanu | obdržím) námitku. Jak postupovat při obdržení námitky. (Dostal | dostala | dostali) jsme námitky, co (mám | máme) dělat? (Dostal | dostala | dostali) jsme námitky, jak postupovat? (Dostal | dostala | dostali) jsme námitky, co bude následovat? Řekni mi co mám dělat když (dostanu | obdržím) námitku. Řekni mi jak mám postupovat když (dostanu | obdržím) námitku. 	
20	Q11	slovem	Ochranná známka. Ochranná známka s dobrým jménem. Dobré jméno. Renomé. Co je ochranná známka s (dobrým jménem | dobrou pověsti | renomé) ?; Co znamená (dobrým jménem | dobrou pověsti | renomé)?; Definice ochranné známky s (dobrým jménem | dobrou pověsti | renomé);	"Dobré jméno je u zapsané ochranné známky vyjádřením toho, že veřejnost tuto ochrannou známku v důsledku jejího užívání zná a spojuje ji s dobrými vlastnostmi, které od výrobků nebo služeb takto označených očekává. To, že je ochranná známka známá široké veřejnosti, že je spojována v podvědomí spotřebitelů s tradičně dobrými vlastnostmi výrobků nebo úrovní poskytovaných služeb, jsou skutečnosti, ze kterých vyplývá, že ochranná známka má dobré jméno. 

Vybudovat si dobré jméno lze jen řádným užíváním ochranné známky v souvislosti s výrobky nebo službami, na které se zápis ochranné známky vztahuje. Protože jde o vlastnost ochranné známky, kterou jí připisují spotřebitelé, není neměnná v čase, a je nutno ji prokazovat v každém dalším řízení.

Více na https://upv.gov.cz/o-uradu/nejcastejsi-dotazy-faq-"
21		hlasem	Ochranná známka. Ochranná známka s dobrým jménem. Dobré jméno. Renomé. Co je ochranná známka s (dobrým jménem | dobrou pověsti | renomé) ?; Co znamená (dobrým jménem | dobrou pověsti | renomé)?; Definice ochranné známky s (dobrým jménem | dobrou pověsti | renomé); Řekni mi co je ochranná známka s (dobrým jménem | dobrou pověsti | renomé).	
22	Q12	slovem	Všeobecně známá známka. Co je všeobecně známá známka?; Co znamená všeoobecně známá známka?; Definice všeobecně známé známky.	"Všeobecně známou známkou je takové označení, které svou ochranu získalo nikoliv zápisem do rejstříku ochranných známek, ale získáním všeobecné známosti v důsledku svého užívání. Je to známka natolik silná, že se vžila pro výrobky nebo služby svého vlastníka v příslušném okruhu veřejnosti natolik, že má rozlišovací způsobilost, a to i přesto, že nebyla formálně zapsána do rejstříku ochranných známek. Tuto skutečnost je rovněž třeba prokazovat vždy v konkrétním řízení. Jedná se o známku nezapsanou pro území státu, ve kterém je namítána, bez ohledu na to, zda je či není zapsána v jiném státě.

Více na https://upv.gov.cz/o-uradu/nejcastejsi-dotazy-faq-"
23		hlasem	Ochranná známka. Všeobecně známá známka. Co je všeobecně známá známka?; Co znamená všeoobecně známá známka?; Definice všeobecně známé známky. Řekni mi co je všeobecně známá známka. Jaká je definice všeobecně známé známky?	
24	Q13	slovem	Místní dosah. Co (je | znamená) místní dosah? Co (je | znamená) místní dosah nezapsaného či jiného označení? Definice místního dosahu? Jaká je definice místního dosahu?  	"Místní dosah nelze vykládat pouze ve smyslu územním, tedy jako geografickou oblast kde bylo označení užíváno, ale hlavně ve smyslu rozsahu užívání nezapsaného či jiného označení v obchodním styku, co do jeho kvantity a kvality. Jedná se například o podíl výrobků nebo služeb opatřených nezapsaným či jiným označením v daném segmentu trhu, o délku i aktivitu působení na trhu, nebo o celkové ekonomické postavení nezapsaného či jiného označení na trhu. Překonání místního dosahu lze konstatovat na základě relevantních dokladů předložených v dostatečném množství.

Více na https://upv.gov.cz/o-uradu/nejcastejsi-dotazy-faq-"
25		hlasem	Místní dosah. Co (je | znamená) místní dosah? Co (je | znamená) místní dosah nezapsaného či jiného označení? Definice místního dosahu? Jaká je definice místního dosahu? Řekni mi, co je místní dosah? Řekni mi jaká je definice místního dosahu?	
26	Q14	slovem	Připomínky. Připomínka. Kdo může podat připomínky? Jaké jsou oprávněné osoby k podání připomínek? Můžu podat (připomínku | připomínky)?	"Okruh osob oprávněných podat připomínky k zápisu přihlašovaného označení do rejstříku ochranných známek není zákonem nijak omezen. Může je tedy podat kdokoliv.

Více na https://upv.gov.cz/o-uradu/nejcastejsi-dotazy-faq-"
27		hlasem	Připomínky. Připomínka. Kdo může podat připomínky? Jaké jsou oprávněné osoby k podání připomínek? Můžu podat (připomínku | připomínky)? Řekni mi kdo může podat (připomínku | připomínky)? 	
28	Q15	slovem	Lhůta k podání připomínek. Lhůta připomínky. Jaká je lhůta k podání připomínek? Do kdy (můžu | lze)  podat přoipomínky?	"Každý může do konce lhůty pro podání námitek podat Úřadu připomínky založené na důvodech dle ustanovení 4 Zákona o ochranných známkách. K připomínkám Úřad přihlédne při rozhodování o zápisu ochranné známky do rejstříku. Osoba, která podala připomínky, se nestává účastníkem řízení o přihlášce před Úřadem.

Více na https://upv.gov.cz/o-uradu/nejcastejsi-dotazy-faq-"
29		hlasem	Lhůta k podání připomínek. Lhůta připomínky. Jaká je lhůta k podání připomínek? Do kdy (můžu | lze)  podat přoipomínky? Řekni mi do kdy můžu podat (připomínku | připomínky). Řekni mi jaká je lhůta k podání (připomínky | připomínek).	
30	Q16	slovem	Poplatek (námitky | námitka | připomínka | připomínky). Správní poplatek (námitky | námitka | připomínka | připomínky). Jaký je správní poplatek za (námitky | námitku | připomínku | připomínky). Výše správního poplatku za (námitky | námitku | připomínku | připomínky). Jaká je výše správního poplatku za (námitky | námitku | připomínku | připomínky). 	"Podle sazebníku správních poplatků, který je přílohou Zákona o správních poplatcích, ve znění pozdějších předpisů, je podání námitek zpoplatněno částkou ve výši 1000 Kč.
Podání připomínek není zpoplatněno.

Více na https://upv.gov.cz/o-uradu/nejcastejsi-dotazy-faq-"
31		hlasem	Poplatek (námitky | námitka | připomínka | připomínky). Správní poplatek (námitky | námitka | připomínka | připomínky). Jaký je správní poplatek za (námitky | námitku | připomínku | připomínky). Výše správního poplatku za (námitky | námitku | připomínku | připomínky). Jaká je výše správního poplatku za (námitky | námitku | připomínku | připomínky). Řekni mi jaký je poplatek za (námitky | námitka | připomínka | připomínky). Řekni mi výši poplatku za (námitky | námitku | připomínku | připomínky).	
32	Q17	slovem	Podání (námitky | námitek). Formulář (námitky | námitek). Kde najdu formulář (námitky | námitek). Jak podat (námitku | námitky)? Co obsahuje formulář námitky? Co musí obsahovat (námitka | námitky).	"Námitky včetně důkazů se podávají ve dvojím vyhotovení a obsahují:

    údaje o totožnosti osoby, jež podala námitky, případně plnou moc, je-li namítající zastoupen;
    údaje o přihlášce, proti níž námitky směřují;
    označení výrobků  nebo služeb, jichž se námitky týkají, nebo údaj, že se týkají všech výrobků nebo služeb uvedených v přihlášce;
    věcné odůvodnění námitek;
    čeho se namítající domáhá;
    podpis.

Pro podání námitek je možné použít formulář Úřadu, kde jsou všechny náležitosti uvedeny. Použití formuláře Úřadu není povinné. Formulář lze nalézt zde: https://upv.gov.cz/prumyslova-prava/formulare. Více na https://upv.gov.cz/o-uradu/nejcastejsi-dotazy-faq- "
33		hlasem	Podání (námitky | námitek). Formulář (námitky | námitek). Kde najdu formulář (námitky | námitek). Jak podat (námitku | námitky)? Co obsahuje formulář námitky? Co musí obsahovat (námitka | námitky). Řekni mi, kde najdu formulář k podání (námitek | námitky). Řekni mi jak podat námitky. Řekni mi co musí obsahovat námitky.	
34	Q18	slovem	Podání připomínky. Formulář připomínky. Kde najdu formulář připomínky. Jak podat připomínky? Co obsahuje formulář připomínky. Co musí obsahovat připomínky. 	"Připomínky k přihlášce ochranné známky obsahují:

    jméno a příjmení, adresu místa trvalého pobytu;
    údaje o čísle spisu přihlášky včetně údajů o totožnosti přihlašovatele;
    věcné odůvodnění připomínek;
    podpis.

Pro podání připomínek je možné použít formulář Úřadu, kde jsou všechny náležitosti uvedeny. Použití formuláře Úřadu není povinné . Formulář lze nalézt zde https://upv.gov.cz/prumyslova-prava/formulare. Více na https://upv.gov.cz/o-uradu/nejcastejsi-dotazy-faq-"
35		hlasem	Podání připomínky. Formulář připomínky. Kde najdu formulář připomínky. Jak podat připomínky? Co obsahuje formulář připomínky. Co musí obsahovat připomínky. Řekni mi, kde najdu formulář k podání připomínky. Řekni mi jak podat připomínky. Řekni mi co musí obsahovat připomínky.	
36	Q19	slovem	Výmaz. Výmaz ochranné známky. Výmaz zaregistrované ochranné známky. Je možný výmaz ochranné známky? Jak dosáhnout výmazu ochranné známky? 	"Existují dvě možnosti jak docílit ukončení zápisu ochranné známky v rejstříku. Zapsanou ochrannou známku lze zrušit na návrh podaný podle ustanovení 31 zákona Zákona o ochranných známkách, nebo prohlásit za neplatnou na základě návrhu uplatněného podle ustanovení 32 téhož zákona.

Více na https://upv.gov.cz/o-uradu/nejcastejsi-dotazy-faq-"
37		hlasem	Výmaz. Výmaz ochranné známky. Výmaz zaregistrované ochranné známky. Je možný výmaz ochranné známky? Jak dosáhnout výmazu ochranné známky? Řekni mi jak vymazat ochrannou známku. Řekni mi jak dosáhnout výmazu ochranné známky? 	
38	Q20	slovem	Zrušení ochranné známky. Neplatnost ochranné známky. Zneplatnění ochranné známky. Jaký je rozdíl mezi zrušením ochranné známky a prohlášením ochranné známky za neplatnou? Co znamená zrušení ochranné známky? Co znamená zneplatnění ochranné známky? 	"Zrušení ochranné známky a neplatnost ochranné známky se uplatňují až po zápisu ochranné známky do rejstříku. Mají však rozdílné možnosti uplatnění, zdůvodnění a především účinky. Návrh na zrušení ochranné známky je možno vznést proti ochranné známce, která není řádně užívána, stala se označením v obchodě obvyklým, její užívání může vést ke klamání veřejnosti nebo je na základě soudního rozhodnutí její užití nedovoleným soutěžním jednáním. Ochranná známka pozbývá své účinky až po nabytí právní moci rozhodnutí o jejím zrušení.

Návrh na prohlášení ochranné známky za neplatnou se podává z důvodů vymezených ustanovením 32 Zákona o ochranných známkách. Návrh lze uplatnit na základě údajného zápisu ochranné známky v rozporu s ustanovením 4 nebo 6 zmíněného zákona. Návrh může případně vznést osoba uvedená v ustanovení 7 téhož zákona, které vymezuje důvody podání námitek proti zápisu přihlášky ochranné známky do rejstříku. Prohlášení ochranné známky za neplatnou znamená, že se na takovou ochrannou známku hledí, jako by nikdy nebyla zapsána.

Více na https://upv.gov.cz/o-uradu/nejcastejsi-dotazy-faq-"
39		hlasem	Zrušení ochranné známky. Neplatnost ochranné známky. Zneplatnění ochranné známky. Jaký je rozdíl mezi zrušením ochranné známky a prohlášením ochranné známky za neplatnou? Co znamená zrušení ochranné známky? Co znamená zneplatnění ochranné známky? Řekni mi rozdíl mezi zrušením a zneplatněním ochranné známky. Řekni mi co znamená zrušení a zneplatnění ochranné známky. 	
40	Q21	slovem	Řádné užívání ochranné známky. Co je řádné užívání ochranné známky? Co znamená řádné užívání ochranné známky? Definice pojmu řádné užívání ochranné známky.	"Řádné užívání znamená, že je ochranná známka užívána veřejně a plní svou rozlišovací funkci. Rozumí se tím užívání ochranné známky v souladu s její základní funkcí, kterou je zaručit identitu původu výrobků nebo služeb, pro něž je zapsána. Při prokazování užívání Úřad posoudí zejména rozsah a frekvenci užívání ochranné známky se zohledněním povahy výrobků nebo služeb a současně charakteristiky trhu, na kterém se vyskytují. 

Důkazem takového užívání mohou být objednávky, faktury, dodací listy, katalogy, nabídkové listy, letáky či jiné reklamní materiály, mediální prezentace, doklady o sponzoringu mediálně sledovaných událostí. Za řádné užívání nelze pokládat pouhé symbolické užívání, za účelem udržet práva z napadené ochranné známky bez skutečného úmyslu napadenou ochrannou známku v obchodním styku užívat.

Více na https://upv.gov.cz/o-uradu/nejcastejsi-dotazy-faq-"
41		hlasem	Řádné užívání ochranné známky. Co je řádné užívání ochranné známky? Co znamená řádné užívání ochranné známky? Definice pojmu řádné užívání ochranné známky. Řekni mi co je řádné užívání ochranné známky. Řekni mi definici pojmu řádné užívání ochranné známky.	
42	Q22	slovem	Patentové knihovny. Patentová knihovna. Co je patentová knihovna? Jaké informace (poskytuje | poskytují) (patentová knihovna | patentové knihovny)? Co najdu v patentové knihovně? Jaké informace dohledám v patentové knihovně? Jaké existují patentové knihovny?	"Patentové knihovny, mezi které patří Úřad a regionální centra patentových informací, poskytují ke studiu patentovou literaturu, tedy plné texty nebo části textů národních a zahraničních udělených patentů, zveřejněných patentových přihlášek, zapsaných užitných a průmyslových vzorů, a také doprovodnou literaturu, tedy patentové a známkové věstníky a třídníky. 

V současnosti jsou informace tohoto druhu k dispozici především v elektronické podobě prostřednictvím volně dostupných rešeršních databází. Knihovny nabízejí také provádění patentových a známkových rešerší a přístupy do specializovaných komerčních databází.

Více na https://upv.gov.cz/o-uradu/nejcastejsi-dotazy-faq-. Regionální centra patentových informací zde: https://upv.gov.cz/informacni-zdroje/instituce/tuzemske#patlib."
43		hlasem	Patentové knihovny. Patentová knihovna. Co je patentová knihovna? Jaké informace (poskytuje | poskytují) (patentová knihovna | patentové knihovny)? Co najdu v patentové knihovně? Jaké informace dohledám v patentové knihovně? Jaké existují patentové knihovny? Řekni mi co je patentová knihovna? Řekni mi co najdu v patentové knihovně?	
44	Q23	slovem	Rešerše. Jak získám rešerši? Objednat rešerši. Jak objednám rešerši. Nabízíte rešerše? Můžu získat rešerši? Kde získám rešerši? Kde objednám rešerši? Je možné objednat rešerši? Poskytujete rešerše? 	"Rešerši lze získat na základě objednávky, kterou zašlete poštou na adresu Úřad průmyslového vlastnictví, Odbor patentových informací, Antonína Čermáka 2a, Praha 6, e-mailem na adresu objednavky@upv.gov.cz, nebo do datové schránky: ix6aa38. Objednávku lze také podat osobně na podatelně Úřadu. Je možné požádat o rešerši na vynálezy a užitné vzory, na ochranné známky, či na průmyslové vzory. 

Informace o poplatcích za rešerše lze najít zde: https://upv.gov.cz/sluzby/informacni-sluzby/cenik-sluzeb

Více na https://upv.gov.cz/sluzby/informacni-sluzby/resersni-sluzby."
45		hlasem	Rešerše. Jak získám rešerši? Objednat rešerši. Jak objednám rešerši. Nabízíte rešerše? Můžu získat rešerši? Kde získám rešerši? Kde objednám rešerši? Je možné objednat rešerši? Poskytujete rešerše? Řekni mi kde objednám rešerši. Řekni mi jeslti poskytujete rešerše. Řekni mi jak objednat rešerši. 	
46	Q24	slovem	Databáze ochranných známek. Kde vyhledám informace o (zaregistrované | zaregistrovaných) (ochranné známce | ochranných známkách) Existuje databáze ochranných známek? Kde najdu databázi ochraných známek. Jak zjistím jeslti je ochranná známka zaregistrována? (Jak | Kde) dohledat ochrannou známku. Řekni mi kde najdu informace o (zaregistrované | zaregistrovaných) (ochranné známce | ochranných známkách). Řekni mi jestli existuje databáze ochranných známek. Řekni mi jak dohledám ochrannou známku. Řekni mi kde dohledám ochrannou známku.	"Na webových stránkách Úřadu je k dispozici volně přístupná národní databáze ochranných známek, která obsahuje ochranné známky platné v ČR. K provádění známkových rešerší je možné využít také zahraničních databází.

Více na https://upv.gov.cz/informacni-zdroje/narodni-databaze. Národní databáze zde: https://isdv.upv.cz/webapp/!resdb.oza.frm. Zahraniční databáze zde: https://upv.gov.cz/informacni-zdroje/zahranicni-databaze-"
47		hlasem	Databáze ochranných známek. Kde vyhledám informace o (zaregistrované | zaregistrovaných) (ochranné známce | ochranných známkách) Existuje databáze ochranných známek? Kde najdu databázi ochraných známek. Jak zjistím jeslti je ochranná známka zaregistrována? (Jak | Kde) dohledat ochrannou známku. Řekni mi kde najdu informace o (zaregistrované | zaregistrovaných) (ochranné známce | ochranných známkách). Řekni mi jestli existuje databáze ochranných známek. Řekni mi jak dohledám ochrannou známku. Řekni mi kde dohledám ochrannou známku.	
48	Q25	slovem	Národní známková databáze. Co obsahuje národní známková databáze. Jaké informace poskytuje národní známková databáze. Co najdu v národní známkové databázi. Jak často je (databáza | národní známková databáze) aktualizována.  Aktualizace (databáze | národní známkové databáze).	"Národní známková databáze obsahuje ochranné známky přihlášené u Úřadu průmyslové vlastnictví ČR, mezinárodní ochranné známky s designací pro ČR a EU a ochranné známky Evropské unie. Databáze je aktualizována denně. 

Databáze obsahuje bibliografická data o ochranných známkách a jejich přihláškách, seznam výrobků a služeb, informace o právním stavu, přehled položek řízení, výpis z rejstříku Úřadu, informace o převodech a změnách vlastníků či údaje o publikaci ve Věstníku Úřadu.

Více na https://upv.gov.cz/informacni-zdroje. Národní známková databáze zde: https://isdv.upv.cz/webapp/!resdb.oza.frm"
49		hlasem	Národní známková databáze. Co obsahuje národní známková databáze. Jaké informace poskytuje národní známková databáze. Co najdu v národní známkové databázi. Jak často je (databáza | národní známková databáze) aktualizována.  Aktualizace (databáze | národní známkové databáze). Řekni mi jaké informace obsahuje (databáze | národní známková databáze). Řekni mi co najdu v (databázi | národní známkové databázi). Řekni mi jak často je (databáze | národní známková databáze) aktualizována. 	
50	Q26	slovem	Aktuální stav (patentu | ochranné známky | ochranných známek | průmyslových vzorů | užitných vzorů | označení původu | zeměpisných označení). (Jak | kde) získat informace o aktuálním právním stavu (patentu | ochranné známky | ochranných známek | průmyslových vzorů | užitných vzorů | označení původu | zeměpisných označení); Jak ověřím aktuální právní stav (patentu | ochranné známky | ochranných známek | průmyslových vzorů | užitných vzorů | označení původu | zeměpisných označení). Kde najdu informace o (patentu | ochranné známce | ochranných známkých | průmyslových vzorech | užitných vzorech | označení původu | zeměpisném označení). 	"Informace o aktuálním právním stavu na území ČR lze získat zdarma v databázích na stránkách Úřadu nebo požádáním o rešerši na právní stav - jedná se o placenou službu. V případě průmyslových práv přihlašovaných v zahraničí lze některé informace nalézt ve volně dostupných databázích příslušných národních úřadů. Odkazy na zahraniční databáze najdete v detailnějším přehledu databází k jednotlivým průmyslovým právům na webu Úřadu. Závazné informace o právním stavu poskytují příslušné národní patentové a známkové úřady.

Úřad na základě žádosti poskytuje oficiální výpisy z jím vedených rejstříků patentů, užitných vzorů, průmyslových vzorů, ochranných známek a označení původu (zeměpisných označení). Vydání stejnopisu, opisu, výpisu z rejstříku, spisů, úředních listin a záznamů je za každou i započatou stránku zpoplatněno dle Zákona o správních poplatcích částkou 100 Kč.

Více na https://upv.gov.cz/informacni-zdroje. Databáze zde: https://upv.gov.cz/informacni-zdroje. Zahraniční databáze zde: https://upv.gov.cz/informacni-zdroje/zahranicni-databaze-. Rešeršní služby zde https://upv.gov.cz/sluzby/informacni-sluzby/resersni-sluzby. Národní patentové a známkové úřady zde: https://upv.gov.cz/informacni-zdroje/instituce/zahranicni"
51		hlasem	Aktuální stav (patentu | ochranné známky | ochranných známek | průmyslových vzorů | užitných vzorů | označení původu | zeměpisných označení). (Jak | kde) získat informace o aktuálním právním stavu (patentu | ochranné známky | ochranných známek | průmyslových vzorů | užitných vzorů | označení původu | zeměpisných označení); Jak ověřím aktuální právní stav (patentu | ochranné známky | ochranných známek | průmyslových vzorů | užitných vzorů | označení původu | zeměpisných označení). Řekni mi jak ověřím stav (patentu | ochranné známky | ochranných známek | průmyslových vzorů | užitných vzorů | označení původu | zeměpisných označení). Řekni mi kde najdu informace o (patentu | ochranné známce | ochranných známkách | průmyslových vzorech | užitných vzorech | označení původu | zeměpisných označení). 	
52	Q27	slovem	Rešerše v databázi ochranných známek; Jak uskutečnit rešerši v databázi ochranných známek? Jak vyhledávat data v databázi ochranných známek? Vyhledávání (dat | informací) v databázi ochranných známek. Kde najdu databázi ochranných známek. 	"Rešerši v databázi ochranných známek platných v České republice lze provést samostatně a zdarma na webových stránkách Úřadu. Po otevření databáze zadáte dotaz do příslušného vyhledávacího pole. Vyhledávat lze podle čísla přihlášky, čísla zápisu, znění ochranné známky, vlastníka nebo přihlašovatele a dalších údajů. Příklady vyhledávání pro jednotlivá vyhledávací pole lze nalézt v nápovědě. 

Kliknutím na ikonu lupy se zobrazí detailní výpis ochranné známky. Výpis obsahuje bibliografická data o ochranných známkách, seznam výrobků a služeb, informace o právním stavu, přehled položek řízení, výpis z rejstříku Úřadu, informace o převodech a změnách vlastníků, údaje o publikaci ve Věstníku Úřadu.

Více na https://upv.gov.cz/informacni-zdroje. Databáze zde: https://isdv.upv.cz/webapp/!resdb.oza.frm. Věstník zde: https://isdv.upv.cz/webapp/resdb.vestnik.seznam"
53		hlasem	Rešerše v databázi ochranných známek; Jak uskutečnit rešerši v databázi ochranných známek? Jak vyhledávat data v databázi ochranných známek? Vyhledávání (dat | informací) v databázi ochranných známek. Kde najdu databázi ochranných známek. Řekni mi jak vyhledat informace v databázi ochranných známek? 	
54	Q28	slovem	(Přínos | vhodnost | výhody) rešerše. (Přínos | vhodnost | výhody) průmyslověprávní rešerše. Jaké výhody získám z průmyslověprávní rešerše? Proč (udělat | uskutečnit objednat) průmyslověprávní rešerši. Co jako (firma | společnost | IČO) získám při provedení průmyslověprávní rešerše? Jaké výhody získá (firma | společnost | IČO) z provedení průmyslověprávní rešerše? 	"Před podáním přihlášky každého průmyslového práva (ochranná známka, vynález, užitný či průmyslový vzor, zeměpisné označení či označení původu) je vhodné si ověřit, zda předmět průmyslového práva již není registrován na jiného vlastníka či majitele, tak aby firma předešla případným právním sporům při jeho užití a aby energie a finanční prostředky vynaložila účelně.

Rešerše je vhodné provést vždy před zahájením nového výrobního programu či projektu, jehož výsledkem bude inovace stávajícího výrobku či nastavení dalšího směřování vývoje firmy. Na základě výsledku rešerše je možné se rozhodnout, zda není vhodnější uzavřít licenční smlouvu na předmětné průmyslové právo a ověřit si jeho platnost.

Dále je vhodné provést rešerši před zahájením nového výzkumu, a to pak i v jeho průběhu, aby měl zadavatel k dispozici nejnovější informace v dané oblasti.

Provedení rešerše může firmě pomoci i v případě, že bude upozorněna, že porušuje právo jiného subjektu nebo také ke zjištění, jakým směrem se ubírá její konkurence.

Úřad průmyslového vlastnictví v rámci zvyšování konkurenceschopnosti českých firem nabízí monitoring stavu techniky - pravidelné zasílání nových patentů z určité oblasti techniky. 

Rešeršní služby zde: https://upv.gov.cz/sluzby/informacni-sluzby/resersni-sluzby. Více na https://upv.gov.cz/o-uradu/nejcastejsi-dotazy-faq-. Monitoring stavu techniky zde: https://upv.gov.cz/sluzby/informacni-sluzby/sledovani-stavu-techniky"
55		hlasem	(Přínos | výhody) rešerše. (Přínos | výhody) průmyslověprávní rešerše. Jaké výhody získám z průmyslověprávní rešerše? Proč (udělat | uskutečnit | objednat) průmyslověprávní rešerši. Co jako (firma | společnost | IČO) získám při provedení průmyslověprávní rešerše? Jaké výhody získá (firma | společnost | IČO) z provedení průmyslověprávní rešerše? Řekni mi co získám když si nechám (udělat | zpracovat) průmyslověprávní rešerši.	
56	Q29	slovem	Obnova ochranné známky. Prodloužení platnosti ochranné známky. Žádost o obnovu zápisu ochranné známky. Jak prodloužit platnost ochranné známky?  Forrmulář na obnovu zápisu ochranné známky. Jak prodloužit ochrannou známku? Kdy prodloužit ochrannou známku?	"Zápis ochranné známky platí 10 let ode dne podání přihlášky. Pokud vlastník ochranné známky nepožádá o obnovu zápisu, ochranná známka zanikne. Úřad informuje vlastníka ochranné známky o dni uplynutí doby platnosti zápisu, a to nejpozději 6 měsíců před tímto dnem.

Zápis ochranné známky se na žádost jejího vlastníka obnoví, a to vždy na dalších 10 let. Žádost o obnovu zápisu ochranné známky se podává nejdříve ve lhůtě 12 měsíců před skončením doby platnosti, avšak nejpozději v den skončení doby platnosti. Lhůtu k podání žádosti o obnovu zápisu nelze prodloužit a její zmeškání nelze prominout. Žádost o obnovu zápisu lze podat nejpozději v dodatečné lhůtě 6 měsíců po uplynutí doby platnosti. 

Více na https://upv.gov.cz/o-uradu/nejcastejsi-dotazy-faq-. Formulář žádosti o obnovu nebo prodloužení platnosti lze získat zde: https://upv.gov.cz/prumyslova-prava/formulare"
57		hlasem	Obnova ochranné známky. Prodloužení platnosti ochranné známky. Žádost o obnovu zápisu ochranné známky. Jak prodloužit platnost ochranné známky?  Forrmulář na obnovu zápisu ochranné známky. Jak prodloužit ochrannou známku? Kdy prodloužit ochrannou známku? Řekni mi (jak | kdy) (prodloužit | prodloužím) ochrannou zmámku. Řekni mi jak postupovat při prodlužování ochranné známky.  	
58	Q30	slovem	Formulář (přihlašování | registrace) ochranné známky. Formulář ochranné známky. Žádost o mezinárodní zápis ochranné známky. Formuláře žádosti o mezinárodní zápis ochranné známky. Kde najdu formulář k (přihlašování | registraci) ochranné známky? Kde je formulář k přihlašování ochranné známky. Jak (přihlásit | zaregistrovat) ochrannou známku? Jak zaregistrovat ochrannou známku do zahraničí? Jaký formulář použiju při registraci ochranné známky v zahraničí. Chci zaregistrovat ochrannou známku do zahraničí. Mezinárodní ochranné známky. 	"Přihlášku ochranné známky je možné podat v elektronické podobě, poštou nebo osobně v podatelně Úřadu průmyslového vlastnictví na příslušném formuláři, který rovněž obsahuje podrobné pokyny pro jeho vyplňování, včetně způsobu placení správního poplatku. Při zasílání přihlášky elektronickou cestou je důležité seznámit se s formáty jednotlivých druhů ochranných známek, které jsou Úřadem akceptovány.

Žádost o mezinárodní zápis ochranné známky lze podat současně s národní přihláškou nebo i po jejím zápisu do rejstříku. Formulář a další informace můžete také obdržet v informačním středisku Úřadu.

Formuláře je možné stáhnout zde: https://upv.gov.cz/prumyslova-prava/formulare. Informační středisko Úřadu zde: https://upv.gov.cz/sluzby/informacni-sluzby/informacni-stredisko"
59		hlasem	Formulář (přihlašování | registrace) ochranné známky. Formulář ochranné známky. Žádost o mezinárodní zápis ochranné známky. Formuláře žádosti o mezinárodní zápis ochranné známky. Kde najdu formulář k (přihlašování | registraci) ochranné známky? Kde je formulář k přihlašování ochranné známky. Jak (přihlásit | zaregistrovat) ochrannou známku? Jak zaregistrovat ochrannou známku do zahraničí? Jaký formulář použiju při registraci ochranné známky v zahraničí. Chci zaregistrovat ochrannou známku do zahraničí. Mezinárodní ochranné známky. Řekni mi kde najdu formulář ochranné známky. Řekni mi jaký formulář použiju při registraci ochranné známky do zahraničí. 	
60	Q31	slovem	Kolik stojí (přihlášení | registrace) ochranné známky? Jaký je správní poplatek k (přihlášení | registraci) ochranné známky? Výše poplatku k (registraci | přihlášení ochranné známky). Řekni mi jak (přihlásit | zaregistrovat) ochrannou známku. Řekni mi kolik stojí přihlášení ochranné známky? Řekni mi jaká je výše poplatku za (registraci | přihlášení) ochranné známky. Řekni mi jak zaregistruju ochrannou známku do zahraničí?	"Přihlašovací správní poplatek v případě národní přihlášky ochranné známky činí 5.000 Kč pro 3 třídy výrobků a služeb, pro každou další třídu dalších 500 Kč. 

V případě žádosti o mezinárodní zápis ochranné známky činí správní poplatek pro řízení před Úřadem 2.500 Kč. 

Správní poplatky je možné uhradit převodem z účtu na účet Úřadu (3711-21526001/0710), složenkou nebo v hotovosti v pokladně Úřadu. Kolkovými známkami lze uhradit správní poplatek jen do výše 5.000 Kč.

Třídníky zde: https://upv.gov.cz/informacni-zdroje/tridniky/tridnik-ochranne-znamky. Informace o mezinárodních ochranných známkách zde: https://upv.gov.cz/prumyslova-prava/ochranne-znamky/mezinarodni-ochranna-znamka. Informační středisko úřadu zde: https://upv.gov.cz/sluzby/informacni-sluzby/informacni-stredisko"
61		hlasem	Kolik stojí (přihlášení | registrace) ochranné známky? Jaký je správní poplatek k (přihlášení | registraci) ochranné známky? Výše poplatku k (registraci | přihlášení ochranné známky). Jak zaregistrovat ochrannou známku do zahraničí? Jaký formulář použiju při registraci ochranné známky v zahraničí. Chci zaregistrovat ochrannou známku do zahraničí. Mezinárodní ochranné známky. Řekni mi jak (přihlásit | zaregistrovat) ochrannou známku. Řekni mi kolik stojí přihlášení ochranné známky? Řekni mi jaká je výše poplatku za (registraci | přihlášení) ochranné známky. Řekni mi jak zaregistruju ochrannou známku do zahraničí?	
62	Q32	slovem	Výrobky a služby v (příhlášce | formuláři | při registraci ) ochranné známky. Třídění výrobků a služeb v (příhlášce | formuláři | při registraci) ochranné známky. Jakým způsobem se zatřiďují výrobky a služby, které je nutné uvést v přihlášce ochranné známky k zápisu do rejstříku ochranných známek? Jak vybrat třídu (výrobku | služby) (ve formuláři | při registraci | v přihlášce) ochranné známky?	"Každá ochranná známka musí být vždy registrována pro určité výrobky a služby včetně uvedení příslušných tříd už při podání přihlášky ochranné známky. K tomuto účelu slouží třídník ochranných známek. V současné době existuje 34 tříd výrobků a 11 tříd služeb. Pro vyhledání správné třídy určitého výrobku či služby, případně pro ověření, zda je možné určitý výraz použít, doporučujeme použít databázi TMclass.

Třídník zde: https://upv.gov.cz/informacni-zdroje/tridniky/tridnik-ochranne-znamky, TMclass zde: https://euipo.europa.eu/ec2/"
63		hlasem	Výrobky a služby v (příhlášce | formuláři | při registraci ) ochranné známky. Třídění výrobků a služeb v (příhlášce | formuláři | při registraci) ochranné známky. Jakým způsobem se zatřiďují výrobky a služby, které je nutné uvést v přihlášce ochranné známky k zápisu do rejstříku ochranných známek? Jak vybrat třídu (výrobku | služby) (ve formuláři | při registraci | v přihlášce) ochranné známky? Řekni mi jak vyberu (třídu | výrobky | služby) při registraci ochranné známky?	
64	Q33	slovem	®. TM. Symboly (© | TM). (Nutnost | povinnost) uvádění symbolu (© | TM). Je povinné uvádění symbolu (© | TM). Musím uvádět (© | TM)? Musím uvádět symbol (© | TM). Co znamená (symbol | znak) (© | TM). 	"Vlastník ochranné známky je oprávněn používat spolu s ochrannou známkou symbol ®. Záleží tedy na Vás, zda u své zapsané ochranné známky tento symbol budete uvádět. Rovněž u ochranné známky Evropské unie může být jako doklad o jejím zápisu uveden symbol ® společně s jejím číslem. Užívání a umístění ® zákon nijak neupravuje. Použití u ochranné známky, která ještě není zapsána do rejstříku, však může být posuzováno jako klamavá reklama apod. V některých zemích se dokonce může jednat o trestný čin.

TM (™) je jiná jazyková varianta symbolu ® pro zapsanou ochrannou známku. Užívá se v různých částech světa, u nás není obvyklá.
Symbol © je svázán s autorským právem (copyright). Problematiku autorského práva má ve své gesci Ministerstvo kultury.

Více na https://upv.gov.cz/o-uradu/nejcastejsi-dotazy-faq-."
65		hlasem	®. TM. Symboly (© | TM). (Nutnost | povinnost) uvádění symbolu (© | TM). Je povinné uvádění symbolu (© | TM). Musím uvádět (© | TM)? Musím uvádět symbol (© | TM). Co znamená (symbol | znak) (© | TM). Řekni mi co je (® | TM). Řekni mi jeslti je (® | TM) povinný.	
66	Q34	slovem	Oceňování (průmyslových práv | patentů | vynálezů | užitných vzorů | průmyslových vzorů | ochranných známek). Jak se provádí oceňování (průmyslových práv | patentů | vynálezů | užitných vzorů | průmyslových vzorů | ochranných známek)? Jaký je postup při oceňování (průmyslových práv | patentů | vynálezů | užitných vzorů | průmyslových vzorů | ochranných známek)? Kdo provádí oceňování (průmyslových práv | patentů | vynálezů | užitných vzorů | průmyslových vzorů | ochranných známek)? Co je oceňování (průmyslových práv | patentů | vynálezů | užitných vzorů | průmyslových vzorů | ochranných známek).	"Oceňování průmyslových práv nespadá do kompetence Úřadu průmyslového vlastnictví. Tuto činnost provádějí soudní znalci z oboru průmyslových práv. Rejstřík soudních znalců vede každý soud, informace lze rovněž získat na internetových stránkách ministerstva spravedlnosti ČR pod heslem Evidence znalců, tlumočníků a znaleckých ústavů. Zde je možno vyhledat konkrétního znalce z požadované zeměpisné oblasti ČR.

Více na https://upv.gov.cz/o-uradu/nejcastejsi-dotazy-faq-. Ministerstvo spravedlnosti zde: https://www.justice.cz/"
67		hlasem	Oceňování (průmyslových práv | patentů | vynálezů | užitných vzorů | průmyslových vzorů | ochranných známek). Jak se provádí oceňování (průmyslových práv | patentů | vynálezů | užitných vzorů | průmyslových vzorů | ochranných známek)? Jaký je postup při oceňování (průmyslových práv | patentů | vynálezů | užitných vzorů | průmyslových vzorů | ochranných známek)? Kdo provádí oceňování (průmyslových práv | patentů | vynálezů | užitných vzorů | průmyslových vzorů | ochranných známek)? Co je oceňování (průmyslových práv | patentů | vynálezů | užitných vzorů | průmyslových vzorů | ochranných známek). Řekni mi jak ocením (průmyslové právo | patent | vynález | užitný vzor | průmyslový vzor | ochrannou známku). Řekni mi na koho se obrátím při oceňování (průmyslových práv | patentů | vynálezů | užitných vzorů | průmyslových vzorů | ochranných známek).	
68	Q35	slovem	Jak Úřad podává informaci o zahájení řízení o zápisu převodu (ochranné známky | patentu | průmyslového vzoru | užitného vzoru)? Jak získám informaci o zápisu převodu (ochranné známky | patentu | průmyslového vzoru | užitného vzoru)? Jakým způsobem získám informaci o zápisu převodu (ochranné známky | patentu | průmyslového vzoru | užitného vzoru).	"Po přijetí žádosti o zápis převodu Úřad bez zbytečného odkladu uvědomí smluvní strany převodu o zahájení řízení o zápisu převodu. Poté Úřad vyčká přiměřenou dobu (obvykle 1 měsíc) a když neobdrží relevantní výtku týkající se převodu (zejména od druhé smluvní strany převodu, která neiniciovala řízení)  je převod zaregistrován.

Kromě splnění zákonné povinnosti přistoupil Úřad k této praxi též s ohledem na upevnění právní jistoty obou zúčastněných stran převodu. Důvodem byla též snaha zamezit spekulativním převodům a chránit tak oprávněné zájmy vlastníků průmyslových práv.

Více na https://upv.gov.cz/o-uradu/nejcastejsi-dotazy-faq-"
69		hlasem	Jak Úřad podává informaci o zahájení řízení o zápisu převodu (ochranné známky | patentu | průmyslového vzoru | užitného vzoru)? Jak získám informaci o zápisu převodu (ochranné známky | patentu | průmyslového vzoru | užitného vzoru)? Jakým způsobem získám informaci o zápisu převodu (ochranné známky | patentu | průmyslového vzoru | užitného vzoru). Řekni mi jak získám informaci o zahájení řízení o zápisu převodu (ochranné známky | patentu | průmyslového vzoru | užitného vzoru)?	
70	Q36	slovem	Žádost o zápis (převodu | licence | zástavy). Jakou formu mají mít (doklady | dokumenty) k žádostem o zápis (převodu | licence | zástavy)? Jak mají vypadat (doklady | dokumenty) k  žádostem o zápis (převodu | licence | zástavy)	"K žádostem o zápis převodu, licence či zástavy se přikládají převodní smlouva, licenční smlouva či zástavní smlouva, případně plná moc. Pouze u ochranných známek je místo převodní smlouvy možno přiložit formulář Potvrzení o převodu. Doklady se předkládají i při písemném podání v jednom vyhotovení a to v originálu či v ověřené kopii. Podpisy na dokladech nemusí být ověřeny. 

Pokud je žádost podána elektronicky se zaručeným elektronickým podpisem nebo prostřednictvím datové schránky a k této žádosti je připojena převodní, licenční či zástavní smlouva, případně plná moc, musí být u přiloženého dokladu provedena autorizovaná konverze do elektronické podoby. Potom má tento dokument stejné právní účinky jako původní konvertovaný dokument a není třeba zasílat Úřadu ještě jeho písemný originál či ověřenou kopii. Pokud není autorizovaná konverze do elektronické podoby provedena, je doklad považován za kopii a podatel žádosti je povinen dodat Úřadu ještě originál či ověřenou kopii tohoto dokladu v papírové podobě.

Pokud Evropský patentový úřad provede u evropského patentu v evropském patentovém rejstříku pro účely dalšího řízení před Evropským patentovým úřadem (podání odporu) zápis nového nebo změněného údaje (například změnu, převod, přechod, licenci, zástavní právo apod.) s účinností po datu oznámení o udělení evropského patentu v Evropském patentovém věstníku, tento zápis se provede v českém rejstříku evropských patentů teprve na základě projevu vůle (žádosti) oprávněné osoby. 

Na žádost se pohlíží obdobně, jako na žádost podanou k národním patentům. V případě, že je žádost zpoplatněna dle zákona o správních poplatcích, vyžaduje se k provedení zápisu do rejstříku úhrada správního poplatku. K provedení tohoto zápisu do rejstříku Úřad požaduje projev vůle (žádost) oprávněné osoby doložený fotokopií sdělení Evropského patentového úřadu o registraci změny (EPO form 2544) – v tomto případě tedy není vyžadován originál smlouvy.

Více na https://upv.gov.cz/o-uradu/nejcastejsi-dotazy-faq-. Formuláře zde: https://upv.gov.cz/prumyslova-prava/formulare"
71		hlasem	Žádost o zápis (převodu | licence | zástavy). Jakou formu mají mít (doklady | dokumenty) k žádostem o zápis (převodu | licence | zástavy)? Jak mají vypadat (doklady | dokumenty) k  žádostem o zápis (převodu | licence | zástavy). Řekni mi jak vypadají (doklady | dokumenty) k žádostem o zápis (převodu | licence | zástavy)?	
72	Q37	slovem	Prezidiální plná moc. Co je to prezidiální plná moc. Jakým způsobem je prezidiální plná moc evidována u Úřadu? Jaké jsou náležitosti prezidiální plné moci?	"Prezidiální plná moc je druh plné moci, kterou uděluje zmocnitel zástupci pro veškerá řízení před Úřadem. V této plné moci nejsou tedy specifikována ani konkrétní průmyslová práva ani konkrétní úkony, ke kterým je zástupce zmocněn. Prezidiální plná moc je předkládána v originále či v ověřené kopii. Podpisy nemusí být ověřeny. Nezbytnými náležitostmi jsou:

    identifikace zmocnitele,
    identifikace zmocněnce,
    zmocnění,
    datum a podpis. 

Více na https://upv.gov.cz/o-uradu/nejcastejsi-dotazy-faq-"
73		hlasem	Prezidiální plná moc. Co je to prezidiální plná moc. Jakým způsobem je prezidiální plná moc evidována u Úřadu? Jaké jsou náležitosti prezidiální plné moci? Řekni mi co je prezidiální plná moc. Řekni mi jaké jsou náležitosti prezidiální plné moci.	
74	Q38	slovem	Nahlížení do správního spisu. Za jakých podmínek lze nahlížet do správního spisu? Jaké jsou podmínky nahlížení do správního spisu. Můžu nahlížet do správního spisu? 	"Účastníci řízení mají právo nahlížet do příslušného správního spisu a pořizovat si vlastními prostředky nebo prostředky Úřadu (na vlastní náklady) fotokopie částí tohoto spisu. Třetí straně lze povolit nahlížení do spisu nebo jeho části pouze tehdy, pokud v žádosti o nahlížení do spisu prokáže právní zájem, například fotokopií dokumentu, od kterého právní zájem odvozuje (žaloba, soudní spor a tak dále). 

Právním nebo vážným důvodem pro nahlédnutí do spisu může být vědecká či pedagogická činnost, v souvislosti s níž je třeba do správního spisu nahlédnout, související soudní či správní řízení nebo právní nástupnictví některého z účastníků řízení. Žadatel, případně i jeho zmocněnec, musí být v žádosti identifikován. Nahlížení vyřizuje odpovědný pracovník útvaru Úřadu, kde se spis nachází. 

V žádosti je vhodné uvést telefonní nebo emailový kontakt na žadatele, na kterém je možno vyjasnit případné vady žádosti a sjednat termín. Doporučujeme termín nahlížení sjednat nejlépe týden předem, aby se zabránilo časovým ztrátám nahlížejícího spojeným s transportem a přípravou spisu k nahlížení. Před nahlížením do spisu je třeba, aby nahlížející jednoznačně prokázal svoji totožnost, případně též zmocnění k nahlížení (například plnou mocí). O nahlížení se sepíše protokol.

Případnou konzultaci s příslušným referentem je nutno pojímat separátně od nahlížení do správního spisu. O tomto jednání je nutno sepsat protokol o jednání.

Více na https://upv.gov.cz/o-uradu/nejcastejsi-dotazy-faq-"
75		hlasem		
76	Q39	slovem	Obnova. Prodloužení platnosti. Udržovací poplatky. Jak požádat o obnovu nebo prodloužení platnosti u (ochranných známek | užitných vzorů | průmyslových vzorů)? Jak postupovat při placení udržovacích poplatků u patentů?  	"Poplatky za udržování patentů a evropských patentů se platí bez podání žádosti, pouze uhrazením těchto poplatků s uvedením variabilního symbolu (číslo patentu).

Udržovací poplatky nelze platit kolkovými známkami. Plátcem je majitel patentu nebo jeho zástupce. Tyto poplatky se platí ročně, po celou dobu platnosti patentu.

U ochranných známek, průmyslových a užitných vzorů je třeba kromě uhrazení správního poplatku ještě ve stanovené lhůtě podat žádost o obnovu (prodloužení platnosti). Žádost může podat pouze majitel, vlastník nebo jeho zástupce. 

Cizí státní příslušník musí být pro podání žádosti zastoupen, pokud v průběhu řízení nebylo shledáno, že se jedná o osobu, která nemusí být pro jednání před Úřadem zastupována (osoba žijící na území Evropské unie, mající sídlo podnikání, organizační složku nebo bydliště na území České republiky).  

Postup k uvedení variabilního čísla zde: https://upv.gov.cz/prumyslova-prava/poplatky/uvadeni-variabilnich-symbolu. Více na https://upv.gov.cz/o-uradu/nejcastejsi-dotazy-faq-"
77		hlasem	Obnova. Prodloužení platnosti. Udržovací poplatky. Jak požádat o obnovu nebo prodloužení platnosti u (ochranných známek | užitných vzorů | průmyslových vzorů)? Obnova. Prodloužení platnosti. Udržovací poplatky. Jak požádat o obnovu nebo prodloužení platnosti u (ochranných známek | užitných vzorů | průmyslových vzorů)? Jak postupovat při placení udržovacích poplatků u patentů?  	
78	Q40	slovem	Výpis z rejstříku. Kdo může požádat o výpis z rejstříku? Kdo si může zažádat o výpis z rejstříku?	"O výpis z rejstříku může zažádat kdokoliv, není třeba prokazovat právní zájem na věci. V žádosti je třeba uvést konkrétní číslo přihlášky, zápisu nebo patentu. Výpis obsahuje aktuální údaje vedené v rejstříku k datu vydání výpisu. U ochranných známek je možno kromě aktuálního výpisu vydat i výpis úplný, kde jsou uvedeny i historické údaje, vedené v rejstříku od zápisu až do současnosti. 

Správní poplatek činí 100 Kč za každou stránku. Informace o počtu stran je možno získat na oddělení rejstříků. Počet stran výpisu z rejstříku ochranných známek je možno zjistit také v detailu konkrétního spisu v on-line internetové databázi Úřadu.

Úřad vydává pouze výpisy z rejstříků jím vedených. O výpisy z rejstříků vedených mezinárodními úřady je třeba žádat u těchto úřadů.

Databáze zde: https://isdv.upv.cz/webapp/!resdb.oza.frm. Více na https://upv.gov.cz/o-uradu/nejcastejsi-dotazy-faq-"
79		hlasem	Výpis z rejstříku. Kdo může požádat o výpis z rejstříku? Kdo si může zažádat o výpis z rejstříku? Řekni mi, kdo může požádat o výpis z rejstříku.	
80	Q41	slovem	Opis. Opis listiny. Komu může být vydán opis listiny vydané Úřadem? Můžu požádat o opis listiny? Jak požádat o opis listiny	"Opis listiny, například osvědčení o zápisu nebo opis patentové listiny, lze vydat na písemnou žádost majitele, vlastníka nebo jeho zástupce. Opis obsahuje pouze ty údaje, které obsahovala původně vydaná listina. Správní poplatek činí 15 Kč za stránku.

Více na https://upv.gov.cz/o-uradu/nejcastejsi-dotazy-faq-
"
81		hlasem	Opis. Opis listiny. Komu může být vydán opis listiny vydané Úřadem? Můžu požádat o opis listiny? Jak požádat o opis listiny. Řekni mi jak požádat o opis listiny. 	
82	Q42	slovem	Doklad o zaplacení. Jak získat doklad do účetnictví o zaplacení za přihlášku vynálezu nebo za uhrazení udržovacích poplatků? (Kde | jak) získám doklad o zaplacení. 	"Úřad nevydává žádné faktury, ani potvrzení o platbě správních poplatků. Správní poplatky se platí podle Zákona o správních poplatcích, ve znění platných předpisů. 

Vzhledem k tomu, že výše správních poplatků je pevně zákonem stanovena, pro účely účetnictví je dostačující odkaz na tento zákon a položku Sazebníku správních poplatků, který je součástí tohoto zákona. K této informaci přiložíte Váš doklad o úhradě správního poplatku, například výpis z účtu.

Více na https://upv.gov.cz/o-uradu/nejcastejsi-dotazy-faq-"
83		hlasem	Doklad o zaplacení. Jak získat doklad do účetnictví o zaplacení za přihlášku vynálezu nebo za uhrazení udržovacích poplatků? (Kde | jak) získám doklad o zaplacení. Řekni mi jak získám doklad (o zaplacení | do účetnictví). Řekni mi kdo mi vydá doklad (o zaplacení | do účetnictví).	
84	Q43	slovem	Jaká je platnost ochranné známky? Zajímá mě platnost ochranné známky. 	"Ochranná známka po zápisu platí deset let ode dne podání přihlášky. Zápis ochranné známky se na žádost vlastníka ochranné známky obnoví, a to vždy na dalších 10 let. Žádost o obnovu zápisu ochranné známky se podává nejdříve 12 měsíců před skončením doby platnosti a nejpozději v dodatečné lhůtě 6 měsíců po uplynutí doby platnosti známky.

Více na https://upv.gov.cz/prumyslova-prava/ochranne-znamky"
85		hlasem	Jaká je platnost ochranné známky? Zajímá mě platnost ochranné známky. Řekni mi jaká je platnost ochranné známky?	
86	Q44	slovem	Může přihlášku ochranné známky podat fyzická osoba? Je možné podat přihlášku ochranné známky jako fyzická osoba?	"Přihlášku ochranné známky k zápisu do rejstříku může podat jak fyzická, tak i právnická osoba. 
Více na https://upv.gov.cz/prumyslova-prava/ochranne-znamky/narodni-prihlaska-ochranne-znamky"
87		hlasem	Může přihlášku ochranné známky podat fyzická osoba? Je možné podat přihlášku ochranné známky jako fyzická osoba? Řekni mi jestli fyzická osoba může podat přihlášku ochranné známky?	
88	Q45	slovem	Výmaz ochranné známky vlastníkem. Jaký je postup při výmazu ochranné známky z rejstříku jejím vlastníkem. Jak postupovat při výmazu ochranné známky z rejstříku jejím vlastníkem? 	"Dle Zákona o ochranných známkách se vlastník může u Úřadu svým prohlášením vzdát práv k ochranné známce v rozsahu všech výrobků či služeb, pro které byla zapsána, nebo některých z nich. Účinky tohoto prohlášení nastávají dnem doručení prohlášení vlastníka ochranné známky Úřadu a nelze je vzít zpět. Úřad vyznačí vzdání se práv k ochranné známce v rejstříku a oznámí je ve Věstníku. Vlastník může rovněž zaslat jen své prohlášení i bez využití formuláře, pouze dopisem.

Pro zaslání prohlášení o vzdání se práv lze použít formulář Obecné sdělení/žádost nezpoplatněná. Formulář zde: https://upv.gov.cz/prumyslova-prava/formulare/elektronicky-vyplnitelne-formulare-bez-moznosti-on-line-podani-
"
89		hlasem	Výmaz ochranné známky vlastníkem. Jaký je postup při výmazu ochranné známky z rejstříku jejím vlastníkem. Jak postupovat při výmazu ochranné známky z rejstříku jejím vlastníkem? Řekni mi jak postupovat při výmazu ochranné známky z rejstříku jejím vlastníkem?	
90	Q46	slovem	Změna znění nebo vzhledu zapsané ochranné známky. Je možná změna znění nebo vzhledu zapsané ochranné známky? 	"
Změna znění nebo vzhledu zapsané ochranné známky není možná. Jedinou možností je podání nové přihlášky ochranné známky. Registrace pak bude záviset na výsledku samotného zápisného řízení, stejně jako u známky  předchozí.

Formulář zde: http://www.upv.cz/cs/sluzby-uradu/formulare.html"
91		hlasem	Změna znění nebo vzhledu zapsané ochranné známky. Je možná změna znění nebo vzhledu zapsané ochranné známky? Řekni mi jeslti je možná změna vzhledu zapsané ochranné známky.	
92	Q47	slovem	Změna vlastníka ochranné známky. Jak změnit vlastníka ochranné známky? Jakým způsobem změnit vlastníka ochranné známky.	"Pro všechny změny (převod, přechod, změnu v údajích) je třeba použít formulář s názvem Žádost o převod - Žádost o změnu.
K žádosti o zápis převodu se přikládá smlouva o převodu práv. V případě, že nebudete jako přílohu přikládat smlouvu o převodu, lze tuto nahradit vyplněním a dodáním podepsaného formuláře Potvrzení o převodu ochranné známky.
 
V hlavičce tohoto formuláře vyplňujete číslo spisu a číslo zápisu ochranné známky, Úřad vyplní po obdržení pouze datum podání.

Formuláře zde: https://upv.gov.cz/files/uploads/PDF_Dokumenty/Forms2022V/Z01_Prevod_zmena_V_O.pdf, https://upv.gov.cz/files/uploads/PDF_Dokumenty/Forms2022V/Z0P1_Potvrzeni_o_prevodu_O.pdf.
"
93		hlasem	Změna vlastníka ochranné známky. Jak změnit vlastníka ochranné známky? Jakým způsobem změnit vlastníka ochranné známky. Řekni mi jak změním vlastníka ochranné známky. 	
94	Q48	slovem	(Web | webová stránka) jako ochranná známka. Je možné název (webu | webových stránek) ochránit jako ochrannou známku? Můžu zaregistrovat název (webu | webových stránek) jako ochrannou známku?	"Název vašich webových stránek lze ochránit jako ochrannou známku. Ochrannou známkou může být označení vyhovující podmínkám stanovených Zákonem o ochranných známkách v jeho platném znění. Všechny potřebné informace o přihlašování ochranných známek naleznete na tomto odkazu: http://upv.cz/cs/prumyslova-prava/ochranne-znamky.html
"
95		hlasem	(Web | webová stránka) jako ochranná známka. Je možné název (webu | webových stránek) ochránit jako ochrannou známku? Můžu zaregistrovat název (webu | webových stránek) jako ochrannou známku? Řekni mi jeslti můžu název (webu | webové stránky) zaregistrovat jako ochrannoz známku? 	
96	Q49	slovem	Doba řízení národní přihlášky ochranné známky. V jakém časovém horizontu po registraci ochranné známky dojde k jejím zápisu do registru. Za jak dlouho bude národní ochranná známka zaregistrována?	"Doba řízení národní přihlášky ochranné známky je v průměru 6 až 9 měsíců od podání přihlášky a závisí na tom, kdy je uhrazen správní poplatek a zda je přihláška po formální stránce (má veškeré náležitosti, správně zatříděný seznam výrobků a služeb, apod.) a po věcné stránce v pořádku (zda splňuje podmínky zápisu dle Zákona o ochranných známkách).

Uvedená doba řízení zahrnuje i zákonnou tříměsíční lhůtu na zveřejnění přihlášky pro účely podání námitek ze strany třetích osob. Pokud nejsou žádné námitky do spisu doručeny, pak se po uplynutí stanovené lhůty zapíše označení do rejstříku Úřadu. Osvědčení o registraci ochranné známky Úřad zasílá vlastníkovi nebo jeho zástupci.

Stav a postup řízení je možné sledovat po zadání čísla přihlášky v databázi ochranných známek. Databáze zde: https://isdv.upv.cz/webapp/!resdb.oza.frm 
"
97		hlasem	Doba řízení národní přihlášky ochranné známky. V jakém časovém horizontu po registraci ochranné známky dojde k jejím zápisu do registru. Za jak dlouho bude národní ochranná známka zaregistrována? Řekni mi jak dlouho trvá, než je národní ochranná známka zaregistrována?	
98	Q50	slovem	Uplynutí doby platnosti zápisu ochranné známky. Upozorňuje Úřad na uplynutí doby platnosti zápisu ochranné známky?	"Dle Zákona o ochranných známkáchmá Úřad průmyslového vlastnictví obligatorní povinnost informovat vlastníka ochranné známky o dni uplynutí doby platnosti zápisu, a to nejpozději do 6 měsíců před tímto dnem. Úřad zasílá upozornění generované automatickým systémem výpočetní techniky Úřadu a to emailem, datovou schránkou, nebo poštou.
"
99		hlasem	Uplynutí doby platnosti zápisu ochranné známky. Upozorňuje Úřad na uplynutí doby platnosti zápisu ochranné známky? Řekni mi jeslti Úřad upozorňuje na uplynutí doby platnosti zápisu ochranné známky. 	
