	answer	class
0	"dusevni vlastnictvi zahrnuje prava k predmetum nehmotne povahy (nehmotnym statkum), ktere clovek vytvoril svoji tvurci dusevni cinnosti. v prumyslove oblasti jsou jimi napriklad vynalezy, uzitne vzory, prumyslove vzory, ochranne znamky, zemepisna oznaceni, oznaceni puvodu (prava k prumyslovemu vlastnictvi). 

dale sem patri prava vztahujici se k autorskym dilum, napriklad literarnim, grafickym, architektonickym, vytvarnym a hudebnim. za dilo se rovnez povazuje pocitacovy program, pripadne databaze, pokud jsou autorovym vlastnim dusevnim vytvorem. do teto oblasti patri i prava souvisejici s pravem autorskym, jako jsou prava vykonnych umelcu, nakladatelu, vyrobcu zaznamu a podobne (prava autorska a souvisejici).

vice na https://upv.gov.cz/o-uradu/nejcastejsi-dotazy-faq-"	0
1	"technicke reseni lze chranit formou patentu na vynalez, pripadne zapsaneho uzitneho vzoru, podanim prihlasky vynalezu nebo uzitneho vzoru, u uradu prumysloveho vlastnictvi, a zaplaceni spravniho poplatku. princip teto ochrany spociva v tom, ze stat prostrednictvim uradu prumysloveho vlastnictvi poskytne prihlasovateli vylucne pravo k predmetu ochrany s tim, ze chranene reseni bude zverejneno.

pokud vlastnik reseni nechce, aby pro neho vyznamne reseni nebo poznatky byly zverejneny, musi je utajit. k utajeni poznatku a znalosti je dulezite zvolit vhodna opatreni: omezit pristup k reseni jen duveryhodnym osobam, ktere podepsaly dohodu o utajovani. pri teto forme ochrany existuje vzdy urcite riziko vyzrazeni. v takovem pripade utajene poznatky prestavaji byt obchodnim tajemstvim a stavaji se obecne znamymi a v zasade tak volnymi k vyuziti.

pokud vlastnik reseni nema zajem na zajisteni vlastni prumyslove-pravni ochrany a nechce, aby ochrana shodneho reseni a vylucne pravo k nemu nebyly poskytnuty treti osobe nebo konkurenci, musi reseni kvalifikovane zverejnit, napriklad v casopise nebo verejne prednasce. vzhledem k tomuto zverejneni se reseni stane stavem techniky a nebude tedy splnovat podminky pro poskytnuti prumyslove-pravni ochrany.

pokud si vlastnik nezajisti nekterou z uvedenych forem ochrany, musi pocitat s tim, ze shodne reseni muze vyuzivat kdokoliv, aniz je mozne mu v tom ucinne branit.

vice na https://upv.gov.cz/o-uradu/nejcastejsi-dotazy-faq-"	1
2	"priprava a zpracovani prihlasek k predmetum prumyslove ochrany predpoklada specificke znalosti a zkusenosti. predevsim v pripade prihlasek vynalezu se doporucuje, aby byly zpracovany odbornikem, jelikoz nespravne zpracovane prihlasky vynalezu a zejmena jejich patentove naroky mohou mit pro prihlasovatele negativni nasledky, zejmena pokud jde o ziskany rozsah ochrany.

pomoc, pripadne odborne zastoupeni, mohou nalezt prihlasovatele u patentovych zastupcu a u advokatnich kancelari. vice informaci o zastupovani je mozne nalezt na webovych strankach komory patentovych zastupcu a ceske advokatni komory.

zakladni informace spojene s problematikou ochrany technickych reseni ci s rizenim o prihlaskach vynalezu a uzitnych vzoru, stejne jako informace spojene se znamkopravni problematikou, s rizenim o prihlaskach ochrannych znamek ci zatridovanim vyrobku a sluzeb pro ucely znamkopravniho rizeni vam mohou poskytnout pracovnici informacniho strediska uradu prumysloveho vlastnictvi.

vice na https://upv.gov.cz/o-uradu/nejcastejsi-dotazy-faq-. komora patentovych zastupcu zde: https://www.patzastupci.cz/. ceska advokatni komora zde: https://www.cak.cz/. helpdesk upv zde: https://upv.gov.cz/sluzby/informacni-sluzby/informacni-stredisko.  "	2
3	"v pripade neopravneneho zasahu do prav z prumysloveho vlastnictvi - patentu, zapsaneho uzitneho nebo prumysloveho vzoru je mozne se domahat u soudu zejmena toho, aby ruseni prava bylo zakazano a aby nasledky poruseni byly odstraneny. pokud byla v dusledku porusovani prav zpusobena skoda, ma poskozeny pravo na jeji nahradu.

vymahat prava z prumysloveho vlastnictvi je opravnen vlastnik nebo majitel prava, pripadne dalsi opravnena osoba podle zakona o vymahani prav z prumysloveho vlastnictvi.

vice na https://upv.gov.cz/o-uradu/nejcastejsi-dotazy-faq-"	3
4	"pokud se jedna o spor nebo nejasnosti o vyuzivani patentu ci zapsaneho uzitneho vzoru, opravnuji pravni predpisy urad prumysloveho vlastnictvi k tomu, aby rozhodl, zda urcite technicke reseni, napriklad konkurencni vyrobek, spada do rozsahu patentu nebo zapsaneho uzitneho vzoru. rozhodnuti urad vyda na zaklade zadosti o urceni, podane bud majitelem patentu ci uzitneho vzoru, nebo osoby, ktera osvedci pravni zajem. rozhodnuti o urceni je mozne v pripade sporu predlozit soudu jako dukaz, soud vsak timto rozhodnutim neni vazan.

urcitou moznost v ramci prosazovani prav pro treti osoby predstavuje navrh na zruseni patentu v pripade, ze se dodatecne zjisti, ze chraneny vynalez nesplnuje podminky patentovatelnosti. castecne nebo uplne zruseni patentu lze dosahnout na zaklade zadosti, kterou muze u uradu prumysloveho vlastnictvi podat kdokoliv. podobne je takto mozne postupovat i u vymazu uzitneho a prumysloveho vzoru.

v pripade ochrannych znamek je mozne ve lhute tri mesicu od zverejneni prihlasovaneho oznaceni v zakonem uvedenych pripadech podat namitky proti zapisu oznaceni do rejstriku ochrannych znamek. po zapisu ochranne znamky do rejstriku je mozne u uradu podat navrh na zruseni ochranne znamky ci navrh na prohlaseni ochranne znamky za neplatnou.

k zajisteni ochrany vasich prav z prumysloveho vlastnictvi se doporucuje sledovat pravidelne vestnik uradu, kde jsou pravidelne zverejnovany informace o prihlaskach i poskytnutych pravech - tj. o patentech, zapsanych uzitnych a prumyslovych vzorech i ochrannych znamkach, platnych na nasem uzemi.

vice na https://upv.gov.cz/o-uradu/nejcastejsi-dotazy-faq-. vestnik zde: https://isdv.upv.cz/webapp/resdb.vestnik.seznam"	4
5	"

v pripade, ze zjistite porusovani prav z dusevniho vlastnictvi, je mozne se obratit na nektere verejnopravni instituce. problematikou porusovani prav z dusevniho vlastnictvi se zabyva ceska obchodni inspekce, ktera kontroluje, zda nedochazi ke klamani spotrebitele porusovanim prav dusevniho vlastnictvi. kontrolni cinnosti v teto oblasti provadi take statni zemedelske a potravinarska inspekce, zivnostenske urady a statni ustav pro kontrolu leciv. celni sprava ceske republiky se zapojuje do boje proti padelani a piratstvi. celni organy jsou opravneny zasahnout vuci zbozi, ktere je podezrele z porusovani prav dusevniho vlastnictvi a umoznit majitelum dotcenych prav jejich ochranu. povinnost plnit ukoly pri ochrane prav k dusevnimu vlastnictvi ma take policie cr.

prava z dusevniho vlastnictvi lze vymoci i soukromopravni cestou prostrednictvim soudu, pripadne i rozhodcu.

nez vlastnik prava zvoli soudni cestu, mel by vyuzit vsechny moznosti mimosoudni obrany proti porusovani prav. nejprve nejlepe formou doporuceneho dopisu oslovit domneleho porusovatele a zahajit s nim jednani. soucasti jednani muze byt take nabidka licence.

pokud uvedenych moznosti nevyuziji nebo nedojdou k oboustranne dohode, nezbyva nez vyuzit moznosti, ktere poskytuji pravni predpisy, napriklad zakon o vymahani prav z prumysloveho vlastnictvi. v takovem pripade je vhodne vyuzit sluzeb advokata ci patentoveho zastupce. v pripade vznikle skody muze opravnena osoba pozadovat jeji nahradu nebo nahradu za bezduvodne obohacovani, pripadne primerene zadostiucineni.

vymahat pravo z dusevniho vlastnictvi je mozne take zalobou proti nekale soutezi dle obcanskeho zakoniku.

pokud dojde k umyslnemu poruseni prav z prumysloveho vlastnictvi, muze se jednat o trestny cin, za ktery je mozne ulozit trest odneti svobody, penezity trest nebo propadnuti veci.

v pripade, ze protipravni jednani nema charakter trestneho cinu, je mozny postih v ramci prestupkoveho zakona. za takovy prestupek mohou obecni urady ulozit pokutu, trest propadnuti veci, pripadne trest zakazu cinnosti.

vice na https://upv.gov.cz/o-uradu/nejcastejsi-dotazy-faq-"	5
6	"lhuta k podani namitek proti zapisu prihlasovaneho oznaceni do rejstriku ochrannych znamek trva ze zakona o ochrannych znamkach tri mesice od data zverejneni prihlasky ochranne znamky ve vestniku uradu a nelze ji prodlouzit a ani jeji zmeskani prominout.

vice na https://upv.gov.cz/o-uradu/nejcastejsi-dotazy-faq-"	6
7	"namitky mohou podat osoby vymezene v ustanoveni 7 zakona o ochrannych znamkach. nejcasteji se jedna o vlastnika ochranne znamky, uzivatele nezapsaneho ci jineho oznaceni nebo osoby, jejichz zakonem chranene pravo muze byt prihlaskou ochranne znamky dotceno.

vice na https://upv.gov.cz/o-uradu/nejcastejsi-dotazy-faq-"	7
8	"namitky je treba podat, a zaplatit prislusny spravni poplatek, ve lhute 3 mesicu od data zverejneni prihlasky ochranne znamky, proti jejimuz zapisu smeruji. v teto lhute lze doplnovat dukazy ci rozsirit namitkove duvody. k doplneni namitek a k dukazum predlozenym na jejich podporu po lhute 3 mesicu od zverejneni prihlasky se neprihlizi, jestlize se nejedna o takove dukazy, ktere by mely primou vazbu na dukazy predlozene v zakonem stanovene lhute.

https://upv.gov.cz/o-uradu/nejcastejsi-dotazy-faq-"	8
9	"v pripade obdrzeni namitky je treba zhodnotit jejich opodstatnenost, a nasledne formulovat vas nazor v pisemnem vyjadreni a podporit ho vhodnymi doklady. toto vyjadreni je mozne samostatne vypracovat nebo tim poverit sveho pravniho zastupce (nejcasteji advokata nebo patentoveho zastupce).

spolecne s namitkami je prihlasovateli dorucen postupovaci dopis uradu, v nemz je stanovena lhuta k podani vyjadreni. tuto lhutu je mozno na zaklade zpoplatnene zadosti prodlouzit. v pripade, ze se k namitkam ve stanovene lhute prihlasovatel nevyjadri, rozhodne urad o namitkach podle obsahu spisu.

v ramci predmetu sporu se lze tez pokusit o nalezeni smirneho reseni formou dohody s namitajicim. k dalsim moznostem reseni sporu lze napriklad zaradit omezeni prihlasovaneho seznamu o namitkami dotcene vyrobky nebo sluzby, cimz odpadne duvod podani namitek. toto omezeni lze provest kdykoliv a nelze ho vzit zpet.

pokud je prihlaska ochranne znamky napadana jen v urcitem rozsahu vyrobku nebo sluzeb, muze prihlasovatel svou prihlasku ochranne znamky rozdelit a namitkami dotcene vyrobky nebo sluzby vyclenit do samostatne prihlasky ochranne znamky.

v neposledni rade muze prihlasovatel vzit svou prihlasku ochranne znamky kdykoliv zpet. v takovem pripade se rizeni o prihlasce ochranne znamky a nasledne i rizeni o namitkach zastavi (a spravni poplatek za podani prihlasky ochranne znamky se nevraci).

vice na https://upv.gov.cz/o-uradu/nejcastejsi-dotazy-faq-"	9
10	"dobre jmeno je u zapsane ochranne znamky vyjadrenim toho, ze verejnost tuto ochrannou znamku v dusledku jejiho uzivani zna a spojuje ji s dobrymi vlastnostmi, ktere od vyrobku nebo sluzeb takto oznacenych ocekava. to, ze je ochranna znamka znama siroke verejnosti, ze je spojovana v podvedomi spotrebitelu s tradicne dobrymi vlastnostmi vyrobku nebo urovni poskytovanych sluzeb, jsou skutecnosti, ze kterych vyplyva, ze ochranna znamka ma dobre jmeno. 

vybudovat si dobre jmeno lze jen radnym uzivanim ochranne znamky v souvislosti s vyrobky nebo sluzbami, na ktere se zapis ochranne znamky vztahuje. protoze jde o vlastnost ochranne znamky, kterou ji pripisuji spotrebitele, neni nemenna v case, a je nutno ji prokazovat v kazdem dalsim rizeni.

vice na https://upv.gov.cz/o-uradu/nejcastejsi-dotazy-faq-"	10
11	"vseobecne znamou znamkou je takove oznaceni, ktere svou ochranu ziskalo nikoliv zapisem do rejstriku ochrannych znamek, ale ziskanim vseobecne znamosti v dusledku sveho uzivani. je to znamka natolik silna, ze se vzila pro vyrobky nebo sluzby sveho vlastnika v prislusnem okruhu verejnosti natolik, ze ma rozlisovaci zpusobilost, a to i presto, ze nebyla formalne zapsana do rejstriku ochrannych znamek. tuto skutecnost je rovnez treba prokazovat vzdy v konkretnim rizeni. jedna se o znamku nezapsanou pro uzemi statu, ve kterem je namitana, bez ohledu na to, zda je ci neni zapsana v jinem state.

vice na https://upv.gov.cz/o-uradu/nejcastejsi-dotazy-faq-"	11
12	"mistni dosah nelze vykladat pouze ve smyslu uzemnim, tedy jako geografickou oblast kde bylo oznaceni uzivano, ale hlavne ve smyslu rozsahu uzivani nezapsaneho ci jineho oznaceni v obchodnim styku, co do jeho kvantity a kvality. jedna se napriklad o podil vyrobku nebo sluzeb opatrenych nezapsanym ci jinym oznacenim v danem segmentu trhu, o delku i aktivitu pusobeni na trhu, nebo o celkove ekonomicke postaveni nezapsaneho ci jineho oznaceni na trhu. prekonani mistniho dosahu lze konstatovat na zaklade relevantnich dokladu predlozenych v dostatecnem mnozstvi.

vice na https://upv.gov.cz/o-uradu/nejcastejsi-dotazy-faq-"	12
13	"okruh osob opravnenych podat pripominky k zapisu prihlasovaneho oznaceni do rejstriku ochrannych znamek neni zakonem nijak omezen. muze je tedy podat kdokoliv.

vice na https://upv.gov.cz/o-uradu/nejcastejsi-dotazy-faq-"	13
14	"kazdy muze do konce lhuty pro podani namitek podat uradu pripominky zalozene na duvodech dle ustanoveni 4 zakona o ochrannych znamkach. k pripominkam urad prihledne pri rozhodovani o zapisu ochranne znamky do rejstriku. osoba, ktera podala pripominky, se nestava ucastnikem rizeni o prihlasce pred uradem.

vice na https://upv.gov.cz/o-uradu/nejcastejsi-dotazy-faq-"	14
15	"podle sazebniku spravnich poplatku, ktery je prilohou zakona o spravnich poplatcich, ve zneni pozdejsich predpisu, je podani namitek zpoplatneno castkou ve vysi 1000 kc.
podani pripominek neni zpoplatneno.

vice na https://upv.gov.cz/o-uradu/nejcastejsi-dotazy-faq-"	15
16	"namitky vcetne dukazu se podavaji ve dvojim vyhotoveni a obsahuji:

    udaje o totoznosti osoby, jez podala namitky, pripadne plnou moc, je-li namitajici zastoupen;
    udaje o prihlasce, proti niz namitky smeruji;
    oznaceni vyrobku  nebo sluzeb, jichz se namitky tykaji, nebo udaj, ze se tykaji vsech vyrobku nebo sluzeb uvedenych v prihlasce;
    vecne oduvodneni namitek;
    ceho se namitajici domaha;
    podpis.

pro podani namitek je mozne pouzit formular uradu, kde jsou vsechny nalezitosti uvedeny. pouziti formulare uradu neni povinne. formular lze nalezt zde: https://upv.gov.cz/prumyslova-prava/formulare. vice na https://upv.gov.cz/o-uradu/nejcastejsi-dotazy-faq- "	16
17	"pripominky k prihlasce ochranne znamky obsahuji:

    jmeno a prijmeni, adresu mista trvaleho pobytu;
    udaje o cisle spisu prihlasky vcetne udaju o totoznosti prihlasovatele;
    vecne oduvodneni pripominek;
    podpis.

pro podani pripominek je mozne pouzit formular uradu, kde jsou vsechny nalezitosti uvedeny. pouziti formulare uradu neni povinne . formular lze nalezt zde https://upv.gov.cz/prumyslova-prava/formulare. vice na https://upv.gov.cz/o-uradu/nejcastejsi-dotazy-faq-"	17
18	"existuji dve moznosti jak docilit ukonceni zapisu ochranne znamky v rejstriku. zapsanou ochrannou znamku lze zrusit na navrh podany podle ustanoveni 31 zakona zakona o ochrannych znamkach, nebo prohlasit za neplatnou na zaklade navrhu uplatneneho podle ustanoveni 32 tehoz zakona.

vice na https://upv.gov.cz/o-uradu/nejcastejsi-dotazy-faq-"	18
19	"zruseni ochranne znamky a neplatnost ochranne znamky se uplatnuji az po zapisu ochranne znamky do rejstriku. maji vsak rozdilne moznosti uplatneni, zduvodneni a predevsim ucinky. navrh na zruseni ochranne znamky je mozno vznest proti ochranne znamce, ktera neni radne uzivana, stala se oznacenim v obchode obvyklym, jeji uzivani muze vest ke klamani verejnosti nebo je na zaklade soudniho rozhodnuti jeji uziti nedovolenym souteznim jednanim. ochranna znamka pozbyva sve ucinky az po nabyti pravni moci rozhodnuti o jejim zruseni.

navrh na prohlaseni ochranne znamky za neplatnou se podava z duvodu vymezenych ustanovenim 32 zakona o ochrannych znamkach. navrh lze uplatnit na zaklade udajneho zapisu ochranne znamky v rozporu s ustanovenim 4 nebo 6 zmineneho zakona. navrh muze pripadne vznest osoba uvedena v ustanoveni 7 tehoz zakona, ktere vymezuje duvody podani namitek proti zapisu prihlasky ochranne znamky do rejstriku. prohlaseni ochranne znamky za neplatnou znamena, ze se na takovou ochrannou znamku hledi, jako by nikdy nebyla zapsana.

vice na https://upv.gov.cz/o-uradu/nejcastejsi-dotazy-faq-"	19
20	"radne uzivani znamena, ze je ochranna znamka uzivana verejne a plni svou rozlisovaci funkci. rozumi se tim uzivani ochranne znamky v souladu s jeji zakladni funkci, kterou je zarucit identitu puvodu vyrobku nebo sluzeb, pro nez je zapsana. pri prokazovani uzivani urad posoudi zejmena rozsah a frekvenci uzivani ochranne znamky se zohlednenim povahy vyrobku nebo sluzeb a soucasne charakteristiky trhu, na kterem se vyskytuji. 

dukazem takoveho uzivani mohou byt objednavky, faktury, dodaci listy, katalogy, nabidkove listy, letaky ci jine reklamni materialy, medialni prezentace, doklady o sponzoringu medialne sledovanych udalosti. za radne uzivani nelze pokladat pouhe symbolicke uzivani, za ucelem udrzet prava z napadene ochranne znamky bez skutecneho umyslu napadenou ochrannou znamku v obchodnim styku uzivat.

vice na https://upv.gov.cz/o-uradu/nejcastejsi-dotazy-faq-"	20
21	"patentove knihovny, mezi ktere patri urad a regionalni centra patentovych informaci, poskytuji ke studiu patentovou literaturu, tedy plne texty nebo casti textu narodnich a zahranicnich udelenych patentu, zverejnenych patentovych prihlasek, zapsanych uzitnych a prumyslovych vzoru, a take doprovodnou literaturu, tedy patentove a znamkove vestniky a tridniky. 

v soucasnosti jsou informace tohoto druhu k dispozici predevsim v elektronicke podobe prostrednictvim volne dostupnych resersnich databazi. knihovny nabizeji take provadeni patentovych a znamkovych resersi a pristupy do specializovanych komercnich databazi.

vice na https://upv.gov.cz/o-uradu/nejcastejsi-dotazy-faq-. regionalni centra patentovych informaci zde: https://upv.gov.cz/informacni-zdroje/instituce/tuzemske#patlib."	21
22	"resersi lze ziskat na zaklade objednavky, kterou zaslete postou na adresu urad prumysloveho vlastnictvi, odbor patentovych informaci, antonina cermaka 2a, praha 6, e-mailem na adresu objednavky@upv.gov.cz, nebo do datove schranky: ix6aa38. objednavku lze take podat osobne na podatelne uradu. je mozne pozadat o resersi na vynalezy a uzitne vzory, na ochranne znamky, ci na prumyslove vzory. 

informace o poplatcich za reserse lze najit zde: https://upv.gov.cz/sluzby/informacni-sluzby/cenik-sluzeb

vice na https://upv.gov.cz/sluzby/informacni-sluzby/resersni-sluzby."	22
23	"na webovych strankach uradu je k dispozici volne pristupna narodni databaze ochrannych znamek, ktera obsahuje ochranne znamky platne v cr. k provadeni znamkovych resersi je mozne vyuzit take zahranicnich databazi.

vice na https://upv.gov.cz/informacni-zdroje/narodni-databaze. narodni databaze zde: https://isdv.upv.cz/webapp/!resdb.oza.frm. zahranicni databaze zde: https://upv.gov.cz/informacni-zdroje/zahranicni-databaze-"	23
24	"narodni znamkova databaze obsahuje ochranne znamky prihlasene u uradu prumyslove vlastnictvi cr, mezinarodni ochranne znamky s designaci pro cr a eu a ochranne znamky evropske unie. databaze je aktualizovana denne. 

databaze obsahuje bibliograficka data o ochrannych znamkach a jejich prihlaskach, seznam vyrobku a sluzeb, informace o pravnim stavu, prehled polozek rizeni, vypis z rejstriku uradu, informace o prevodech a zmenach vlastniku ci udaje o publikaci ve vestniku uradu.

vice na https://upv.gov.cz/informacni-zdroje. narodni znamkova databaze zde: https://isdv.upv.cz/webapp/!resdb.oza.frm"	24
25	"informace o aktualnim pravnim stavu na uzemi cr lze ziskat zdarma v databazich na strankach uradu nebo pozadanim o resersi na pravni stav - jedna se o placenou sluzbu. v pripade prumyslovych prav prihlasovanych v zahranici lze nektere informace nalezt ve volne dostupnych databazich prislusnych narodnich uradu. odkazy na zahranicni databaze najdete v detailnejsim prehledu databazi k jednotlivym prumyslovym pravum na webu uradu. zavazne informace o pravnim stavu poskytuji prislusne narodni patentove a znamkove urady.

urad na zaklade zadosti poskytuje oficialni vypisy z jim vedenych rejstriku patentu, uzitnych vzoru, prumyslovych vzoru, ochrannych znamek a oznaceni puvodu (zemepisnych oznaceni). vydani stejnopisu, opisu, vypisu z rejstriku, spisu, urednich listin a zaznamu je za kazdou i zapocatou stranku zpoplatneno dle zakona o spravnich poplatcich castkou 100 kc.

vice na https://upv.gov.cz/informacni-zdroje. databaze zde: https://upv.gov.cz/informacni-zdroje. zahranicni databaze zde: https://upv.gov.cz/informacni-zdroje/zahranicni-databaze-. resersni sluzby zde https://upv.gov.cz/sluzby/informacni-sluzby/resersni-sluzby. narodni patentove a znamkove urady zde: https://upv.gov.cz/informacni-zdroje/instituce/zahranicni"	25
26	"resersi v databazi ochrannych znamek platnych v ceske republice lze provest samostatne a zdarma na webovych strankach uradu. po otevreni databaze zadate dotaz do prislusneho vyhledavaciho pole. vyhledavat lze podle cisla prihlasky, cisla zapisu, zneni ochranne znamky, vlastnika nebo prihlasovatele a dalsich udaju. priklady vyhledavani pro jednotliva vyhledavaci pole lze nalezt v napovede. 

kliknutim na ikonu lupy se zobrazi detailni vypis ochranne znamky. vypis obsahuje bibliograficka data o ochrannych znamkach, seznam vyrobku a sluzeb, informace o pravnim stavu, prehled polozek rizeni, vypis z rejstriku uradu, informace o prevodech a zmenach vlastniku, udaje o publikaci ve vestniku uradu.

vice na https://upv.gov.cz/informacni-zdroje. databaze zde: https://isdv.upv.cz/webapp/!resdb.oza.frm. vestnik zde: https://isdv.upv.cz/webapp/resdb.vestnik.seznam"	26
27	"pred podanim prihlasky kazdeho prumysloveho prava (ochranna znamka, vynalez, uzitny ci prumyslovy vzor, zemepisne oznaceni ci oznaceni puvodu) je vhodne si overit, zda predmet prumysloveho prava jiz neni registrovan na jineho vlastnika ci majitele, tak aby firma predesla pripadnym pravnim sporum pri jeho uziti a aby energie a financni prostredky vynalozila ucelne.

reserse je vhodne provest vzdy pred zahajenim noveho vyrobniho programu ci projektu, jehoz vysledkem bude inovace stavajiciho vyrobku ci nastaveni dalsiho smerovani vyvoje firmy. na zaklade vysledku reserse je mozne se rozhodnout, zda neni vhodnejsi uzavrit licencni smlouvu na predmetne prumyslove pravo a overit si jeho platnost.

dale je vhodne provest resersi pred zahajenim noveho vyzkumu, a to pak i v jeho prubehu, aby mel zadavatel k dispozici nejnovejsi informace v dane oblasti.

provedeni reserse muze firme pomoci i v pripade, ze bude upozornena, ze porusuje pravo jineho subjektu nebo take ke zjisteni, jakym smerem se ubira jeji konkurence.

urad prumysloveho vlastnictvi v ramci zvysovani konkurenceschopnosti ceskych firem nabizi monitoring stavu techniky - pravidelne zasilani novych patentu z urcite oblasti techniky. 

resersni sluzby zde: https://upv.gov.cz/sluzby/informacni-sluzby/resersni-sluzby. vice na https://upv.gov.cz/o-uradu/nejcastejsi-dotazy-faq-. monitoring stavu techniky zde: https://upv.gov.cz/sluzby/informacni-sluzby/sledovani-stavu-techniky"	27
28	"zapis ochranne znamky plati 10 let ode dne podani prihlasky. pokud vlastnik ochranne znamky nepozada o obnovu zapisu, ochranna znamka zanikne. urad informuje vlastnika ochranne znamky o dni uplynuti doby platnosti zapisu, a to nejpozdeji 6 mesicu pred timto dnem.

zapis ochranne znamky se na zadost jejiho vlastnika obnovi, a to vzdy na dalsich 10 let. zadost o obnovu zapisu ochranne znamky se podava nejdrive ve lhute 12 mesicu pred skoncenim doby platnosti, avsak nejpozdeji v den skonceni doby platnosti. lhutu k podani zadosti o obnovu zapisu nelze prodlouzit a jeji zmeskani nelze prominout. zadost o obnovu zapisu lze podat nejpozdeji v dodatecne lhute 6 mesicu po uplynuti doby platnosti. 

vice na https://upv.gov.cz/o-uradu/nejcastejsi-dotazy-faq-. formular zadosti o obnovu nebo prodlouzeni platnosti lze ziskat zde: https://upv.gov.cz/prumyslova-prava/formulare"	28
29	"prihlasku ochranne znamky je mozne podat v elektronicke podobe, postou nebo osobne v podatelne uradu prumysloveho vlastnictvi na prislusnem formulari, ktery rovnez obsahuje podrobne pokyny pro jeho vyplnovani, vcetne zpusobu placeni spravniho poplatku. pri zasilani prihlasky elektronickou cestou je dulezite seznamit se s formaty jednotlivych druhu ochrannych znamek, ktere jsou uradem akceptovany.

zadost o mezinarodni zapis ochranne znamky lze podat soucasne s narodni prihlaskou nebo i po jejim zapisu do rejstriku. formular a dalsi informace muzete take obdrzet v informacnim stredisku uradu.

formulare je mozne stahnout zde: https://upv.gov.cz/prumyslova-prava/formulare. informacni stredisko uradu zde: https://upv.gov.cz/sluzby/informacni-sluzby/informacni-stredisko"	29
30	"prihlasovaci spravni poplatek v pripade narodni prihlasky ochranne znamky cini 5.000 kc pro 3 tridy vyrobku a sluzeb, pro kazdou dalsi tridu dalsich 500 kc. 

v pripade zadosti o mezinarodni zapis ochranne znamky cini spravni poplatek pro rizeni pred uradem 2.500 kc. 

spravni poplatky je mozne uhradit prevodem z uctu na ucet uradu (3711-21526001/0710), slozenkou nebo v hotovosti v pokladne uradu. kolkovymi znamkami lze uhradit spravni poplatek jen do vyse 5.000 kc.

tridniky zde: https://upv.gov.cz/informacni-zdroje/tridniky/tridnik-ochranne-znamky. informace o mezinarodnich ochrannych znamkach zde: https://upv.gov.cz/prumyslova-prava/ochranne-znamky/mezinarodni-ochranna-znamka. informacni stredisko uradu zde: https://upv.gov.cz/sluzby/informacni-sluzby/informacni-stredisko"	30
31	"kazda ochranna znamka musi byt vzdy registrovana pro urcite vyrobky a sluzby vcetne uvedeni prislusnych trid uz pri podani prihlasky ochranne znamky. k tomuto ucelu slouzi tridnik ochrannych znamek. v soucasne dobe existuje 34 trid vyrobku a 11 trid sluzeb. pro vyhledani spravne tridy urciteho vyrobku ci sluzby, pripadne pro overeni, zda je mozne urcity vyraz pouzit, doporucujeme pouzit databazi tmclass.

tridnik zde: https://upv.gov.cz/informacni-zdroje/tridniky/tridnik-ochranne-znamky, tmclass zde: https://euipo.europa.eu/ec2/"	31
32	"vlastnik ochranne znamky je opravnen pouzivat spolu s ochrannou znamkou symbol (R). zalezi tedy na vas, zda u sve zapsane ochranne znamky tento symbol budete uvadet. rovnez u ochranne znamky evropske unie muze byt jako doklad o jejim zapisu uveden symbol (R) spolecne s jejim cislem. uzivani a umisteni (R) zakon nijak neupravuje. pouziti u ochranne znamky, ktera jeste neni zapsana do rejstriku, vsak muze byt posuzovano jako klamava reklama apod. v nekterych zemich se dokonce muze jednat o trestny cin.

tm ((TM)) je jina jazykova varianta symbolu (R) pro zapsanou ochrannou znamku. uziva se v ruznych castech sveta, u nas neni obvykla.
symbol (C) je svazan s autorskym pravem (copyright). problematiku autorskeho prava ma ve sve gesci ministerstvo kultury.

vice na https://upv.gov.cz/o-uradu/nejcastejsi-dotazy-faq-."	32
33	"ocenovani prumyslovych prav nespada do kompetence uradu prumysloveho vlastnictvi. tuto cinnost provadeji soudni znalci z oboru prumyslovych prav. rejstrik soudnich znalcu vede kazdy soud, informace lze rovnez ziskat na internetovych strankach ministerstva spravedlnosti cr pod heslem evidence znalcu, tlumocniku a znaleckych ustavu. zde je mozno vyhledat konkretniho znalce z pozadovane zemepisne oblasti cr.

vice na https://upv.gov.cz/o-uradu/nejcastejsi-dotazy-faq-. ministerstvo spravedlnosti zde: https://www.justice.cz/"	33
34	"po prijeti zadosti o zapis prevodu urad bez zbytecneho odkladu uvedomi smluvni strany prevodu o zahajeni rizeni o zapisu prevodu. pote urad vycka primerenou dobu (obvykle 1 mesic) a kdyz neobdrzi relevantni vytku tykajici se prevodu (zejmena od druhe smluvni strany prevodu, ktera neiniciovala rizeni)  je prevod zaregistrovan.

krome splneni zakonne povinnosti pristoupil urad k teto praxi tez s ohledem na upevneni pravni jistoty obou zucastnenych stran prevodu. duvodem byla tez snaha zamezit spekulativnim prevodum a chranit tak opravnene zajmy vlastniku prumyslovych prav.

vice na https://upv.gov.cz/o-uradu/nejcastejsi-dotazy-faq-"	34
35	"k zadostem o zapis prevodu, licence ci zastavy se prikladaji prevodni smlouva, licencni smlouva ci zastavni smlouva, pripadne plna moc. pouze u ochrannych znamek je misto prevodni smlouvy mozno prilozit formular potvrzeni o prevodu. doklady se predkladaji i pri pisemnem podani v jednom vyhotoveni a to v originalu ci v overene kopii. podpisy na dokladech nemusi byt overeny. 

pokud je zadost podana elektronicky se zarucenym elektronickym podpisem nebo prostrednictvim datove schranky a k teto zadosti je pripojena prevodni, licencni ci zastavni smlouva, pripadne plna moc, musi byt u prilozeneho dokladu provedena autorizovana konverze do elektronicke podoby. potom ma tento dokument stejne pravni ucinky jako puvodni konvertovany dokument a neni treba zasilat uradu jeste jeho pisemny original ci overenou kopii. pokud neni autorizovana konverze do elektronicke podoby provedena, je doklad povazovan za kopii a podatel zadosti je povinen dodat uradu jeste original ci overenou kopii tohoto dokladu v papirove podobe.

pokud evropsky patentovy urad provede u evropskeho patentu v evropskem patentovem rejstriku pro ucely dalsiho rizeni pred evropskym patentovym uradem (podani odporu) zapis noveho nebo zmeneneho udaje (napriklad zmenu, prevod, prechod, licenci, zastavni pravo apod.) s ucinnosti po datu oznameni o udeleni evropskeho patentu v evropskem patentovem vestniku, tento zapis se provede v ceskem rejstriku evropskych patentu teprve na zaklade projevu vule (zadosti) opravnene osoby. 

na zadost se pohlizi obdobne, jako na zadost podanou k narodnim patentum. v pripade, ze je zadost zpoplatnena dle zakona o spravnich poplatcich, vyzaduje se k provedeni zapisu do rejstriku uhrada spravniho poplatku. k provedeni tohoto zapisu do rejstriku urad pozaduje projev vule (zadost) opravnene osoby dolozeny fotokopii sdeleni evropskeho patentoveho uradu o registraci zmeny (epo form 2544) - v tomto pripade tedy neni vyzadovan original smlouvy.

vice na https://upv.gov.cz/o-uradu/nejcastejsi-dotazy-faq-. formulare zde: https://upv.gov.cz/prumyslova-prava/formulare"	35
36	"prezidialni plna moc je druh plne moci, kterou udeluje zmocnitel zastupci pro veskera rizeni pred uradem. v teto plne moci nejsou tedy specifikovana ani konkretni prumyslova prava ani konkretni ukony, ke kterym je zastupce zmocnen. prezidialni plna moc je predkladana v originale ci v overene kopii. podpisy nemusi byt overeny. nezbytnymi nalezitostmi jsou:

    identifikace zmocnitele,
    identifikace zmocnence,
    zmocneni,
    datum a podpis. 

vice na https://upv.gov.cz/o-uradu/nejcastejsi-dotazy-faq-"	36
37	"ucastnici rizeni maji pravo nahlizet do prislusneho spravniho spisu a porizovat si vlastnimi prostredky nebo prostredky uradu (na vlastni naklady) fotokopie casti tohoto spisu. treti strane lze povolit nahlizeni do spisu nebo jeho casti pouze tehdy, pokud v zadosti o nahlizeni do spisu prokaze pravni zajem, napriklad fotokopii dokumentu, od ktereho pravni zajem odvozuje (zaloba, soudni spor a tak dale). 

pravnim nebo vaznym duvodem pro nahlednuti do spisu muze byt vedecka ci pedagogicka cinnost, v souvislosti s niz je treba do spravniho spisu nahlednout, souvisejici soudni ci spravni rizeni nebo pravni nastupnictvi nektereho z ucastniku rizeni. zadatel, pripadne i jeho zmocnenec, musi byt v zadosti identifikovan. nahlizeni vyrizuje odpovedny pracovnik utvaru uradu, kde se spis nachazi. 

v zadosti je vhodne uvest telefonni nebo emailovy kontakt na zadatele, na kterem je mozno vyjasnit pripadne vady zadosti a sjednat termin. doporucujeme termin nahlizeni sjednat nejlepe tyden predem, aby se zabranilo casovym ztratam nahlizejiciho spojenym s transportem a pripravou spisu k nahlizeni. pred nahlizenim do spisu je treba, aby nahlizejici jednoznacne prokazal svoji totoznost, pripadne tez zmocneni k nahlizeni (napriklad plnou moci). o nahlizeni se sepise protokol.

pripadnou konzultaci s prislusnym referentem je nutno pojimat separatne od nahlizeni do spravniho spisu. o tomto jednani je nutno sepsat protokol o jednani.

vice na https://upv.gov.cz/o-uradu/nejcastejsi-dotazy-faq-"	37
38	"poplatky za udrzovani patentu a evropskych patentu se plati bez podani zadosti, pouze uhrazenim techto poplatku s uvedenim variabilniho symbolu (cislo patentu).

udrzovaci poplatky nelze platit kolkovymi znamkami. platcem je majitel patentu nebo jeho zastupce. tyto poplatky se plati rocne, po celou dobu platnosti patentu.

u ochrannych znamek, prumyslovych a uzitnych vzoru je treba krome uhrazeni spravniho poplatku jeste ve stanovene lhute podat zadost o obnovu (prodlouzeni platnosti). zadost muze podat pouze majitel, vlastnik nebo jeho zastupce. 

cizi statni prislusnik musi byt pro podani zadosti zastoupen, pokud v prubehu rizeni nebylo shledano, ze se jedna o osobu, ktera nemusi byt pro jednani pred uradem zastupovana (osoba zijici na uzemi evropske unie, majici sidlo podnikani, organizacni slozku nebo bydliste na uzemi ceske republiky).  

postup k uvedeni variabilniho cisla zde: https://upv.gov.cz/prumyslova-prava/poplatky/uvadeni-variabilnich-symbolu. vice na https://upv.gov.cz/o-uradu/nejcastejsi-dotazy-faq-"	38
39	"o vypis z rejstriku muze zazadat kdokoliv, neni treba prokazovat pravni zajem na veci. v zadosti je treba uvest konkretni cislo prihlasky, zapisu nebo patentu. vypis obsahuje aktualni udaje vedene v rejstriku k datu vydani vypisu. u ochrannych znamek je mozno krome aktualniho vypisu vydat i vypis uplny, kde jsou uvedeny i historicke udaje, vedene v rejstriku od zapisu az do soucasnosti. 

spravni poplatek cini 100 kc za kazdou stranku. informace o poctu stran je mozno ziskat na oddeleni rejstriku. pocet stran vypisu z rejstriku ochrannych znamek je mozno zjistit take v detailu konkretniho spisu v on-line internetove databazi uradu.

urad vydava pouze vypisy z rejstriku jim vedenych. o vypisy z rejstriku vedenych mezinarodnimi urady je treba zadat u techto uradu.

databaze zde: https://isdv.upv.cz/webapp/!resdb.oza.frm. vice na https://upv.gov.cz/o-uradu/nejcastejsi-dotazy-faq-"	39
40	"opis listiny, napriklad osvedceni o zapisu nebo opis patentove listiny, lze vydat na pisemnou zadost majitele, vlastnika nebo jeho zastupce. opis obsahuje pouze ty udaje, ktere obsahovala puvodne vydana listina. spravni poplatek cini 15 kc za stranku.

vice na https://upv.gov.cz/o-uradu/nejcastejsi-dotazy-faq-
"	40
41	"urad nevydava zadne faktury, ani potvrzeni o platbe spravnich poplatku. spravni poplatky se plati podle zakona o spravnich poplatcich, ve zneni platnych predpisu. 

vzhledem k tomu, ze vyse spravnich poplatku je pevne zakonem stanovena, pro ucely ucetnictvi je dostacujici odkaz na tento zakon a polozku sazebniku spravnich poplatku, ktery je soucasti tohoto zakona. k teto informaci prilozite vas doklad o uhrade spravniho poplatku, napriklad vypis z uctu.

vice na https://upv.gov.cz/o-uradu/nejcastejsi-dotazy-faq-"	41
42	"ochranna znamka po zapisu plati deset let ode dne podani prihlasky. zapis ochranne znamky se na zadost vlastnika ochranne znamky obnovi, a to vzdy na dalsich 10 let. zadost o obnovu zapisu ochranne znamky se podava nejdrive 12 mesicu pred skoncenim doby platnosti a nejpozdeji v dodatecne lhute 6 mesicu po uplynuti doby platnosti znamky.

vice na https://upv.gov.cz/prumyslova-prava/ochranne-znamky"	42
43	"prihlasku ochranne znamky k zapisu do rejstriku muze podat jak fyzicka, tak i pravnicka osoba. 
vice na https://upv.gov.cz/prumyslova-prava/ochranne-znamky/narodni-prihlaska-ochranne-znamky"	43
44	"dle zakona o ochrannych znamkach se vlastnik muze u uradu svym prohlasenim vzdat prav k ochranne znamce v rozsahu vsech vyrobku ci sluzeb, pro ktere byla zapsana, nebo nekterych z nich. ucinky tohoto prohlaseni nastavaji dnem doruceni prohlaseni vlastnika ochranne znamky uradu a nelze je vzit zpet. urad vyznaci vzdani se prav k ochranne znamce v rejstriku a oznami je ve vestniku. vlastnik muze rovnez zaslat jen sve prohlaseni i bez vyuziti formulare, pouze dopisem.

pro zaslani prohlaseni o vzdani se prav lze pouzit formular obecne sdeleni/zadost nezpoplatnena. formular zde: https://upv.gov.cz/prumyslova-prava/formulare/elektronicky-vyplnitelne-formulare-bez-moznosti-on-line-podani-
"	44
45	"
zmena zneni nebo vzhledu zapsane ochranne znamky neni mozna. jedinou moznosti je podani nove prihlasky ochranne znamky. registrace pak bude zaviset na vysledku samotneho zapisneho rizeni, stejne jako u znamky  predchozi.

formular zde: http://www.upv.cz/cs/sluzby-uradu/formulare.html"	45
46	"pro vsechny zmeny (prevod, prechod, zmenu v udajich) je treba pouzit formular s nazvem zadost o prevod - zadost o zmenu.
k zadosti o zapis prevodu se priklada smlouva o prevodu prav. v pripade, ze nebudete jako prilohu prikladat smlouvu o prevodu, lze tuto nahradit vyplnenim a dodanim podepsaneho formulare potvrzeni o prevodu ochranne znamky.
 
v hlavicce tohoto formulare vyplnujete cislo spisu a cislo zapisu ochranne znamky, urad vyplni po obdrzeni pouze datum podani.

formulare zde: https://upv.gov.cz/files/uploads/pdf_dokumenty/forms2022v/z01_prevod_zmena_v_o.pdf, https://upv.gov.cz/files/uploads/pdf_dokumenty/forms2022v/z0p1_potvrzeni_o_prevodu_o.pdf.
"	46
47	"nazev vasich webovych stranek lze ochranit jako ochrannou znamku. ochrannou znamkou muze byt oznaceni vyhovujici podminkam stanovenych zakonem o ochrannych znamkach v jeho platnem zneni. vsechny potrebne informace o prihlasovani ochrannych znamek naleznete na tomto odkazu: http://upv.cz/cs/prumyslova-prava/ochranne-znamky.html
"	47
48	"doba rizeni narodni prihlasky ochranne znamky je v prumeru 6 az 9 mesicu od podani prihlasky a zavisi na tom, kdy je uhrazen spravni poplatek a zda je prihlaska po formalni strance (ma veskere nalezitosti, spravne zatrideny seznam vyrobku a sluzeb, apod.) a po vecne strance v poradku (zda splnuje podminky zapisu dle zakona o ochrannych znamkach).

uvedena doba rizeni zahrnuje i zakonnou trimesicni lhutu na zverejneni prihlasky pro ucely podani namitek ze strany tretich osob. pokud nejsou zadne namitky do spisu doruceny, pak se po uplynuti stanovene lhuty zapise oznaceni do rejstriku uradu. osvedceni o registraci ochranne znamky urad zasila vlastnikovi nebo jeho zastupci.

stav a postup rizeni je mozne sledovat po zadani cisla prihlasky v databazi ochrannych znamek. databaze zde: https://isdv.upv.cz/webapp/!resdb.oza.frm 
"	48
49	"dle zakona o ochrannych znamkachma urad prumysloveho vlastnictvi obligatorni povinnost informovat vlastnika ochranne znamky o dni uplynuti doby platnosti zapisu, a to nejpozdeji do 6 mesicu pred timto dnem. urad zasila upozorneni generovane automatickym systemem vypocetni techniky uradu a to emailem, datovou schrankou, nebo postou.
"	49
