	group	unnamed: 1	questions	answer
0	q1	slovem	co je dusevni vlastnictvi?; co znamena dusevni vlastnictvi? dusevni vlastnictvi je?; definice dusevniho vlastnictvi; jak definovat dusevni vlastnictvi; co predstavuje dusevni vlastnictvi?	"dusevni vlastnictvi zahrnuje prava k predmetum nehmotne povahy (nehmotnym statkum), ktere clovek vytvoril svoji tvurci dusevni cinnosti. v prumyslove oblasti jsou jimi napriklad vynalezy, uzitne vzory, prumyslove vzory, ochranne znamky, zemepisna oznaceni, oznaceni puvodu (prava k prumyslovemu vlastnictvi). 

dale sem patri prava vztahujici se k autorskym dilum, napriklad literarnim, grafickym, architektonickym, vytvarnym a hudebnim. za dilo se rovnez povazuje pocitacovy program, pripadne databaze, pokud jsou autorovym vlastnim dusevnim vytvorem. do teto oblasti patri i prava souvisejici s pravem autorskym, jako jsou prava vykonnych umelcu, nakladatelu, vyrobcu zaznamu a podobne (prava autorska a souvisejici).

vice na https://upv.gov.cz/o-uradu/nejcastejsi-dotazy-faq-"
1		hlasem	co je dusevni vlastnictvi?; co znamena dusevni vlastnictvi? dusevni vlastnictvi je?; definice dusevniho vlastnictvi?; jak definovat dusevni vlastnictvi?; co predstavuje dusevni vlastnictvi? rekni mi, co je dusevni vlastnictvi.	
2	q2	slovem	ochrana predmetu technickeho (charakteru | typu); ochrana technickych reseni; jak chranit technicke reseni?; zpusob ochrany predmetu technickeho (charakteru | typu); zpusob ochrany (technickych reseni | technickeho reseni); jak zajistit (technicke reseni | technicka reseni)?; moznosti ochrany predmetu technickeho (charakteru | typu); moznosti ochrany (technickeho reseni | technickych reseni);	"technicke reseni lze chranit formou patentu na vynalez, pripadne zapsaneho uzitneho vzoru, podanim prihlasky vynalezu nebo uzitneho vzoru, u uradu prumysloveho vlastnictvi, a zaplaceni spravniho poplatku. princip teto ochrany spociva v tom, ze stat prostrednictvim uradu prumysloveho vlastnictvi poskytne prihlasovateli vylucne pravo k predmetu ochrany s tim, ze chranene reseni bude zverejneno.

pokud vlastnik reseni nechce, aby pro neho vyznamne reseni nebo poznatky byly zverejneny, musi je utajit. k utajeni poznatku a znalosti je dulezite zvolit vhodna opatreni: omezit pristup k reseni jen duveryhodnym osobam, ktere podepsaly dohodu o utajovani. pri teto forme ochrany existuje vzdy urcite riziko vyzrazeni. v takovem pripade utajene poznatky prestavaji byt obchodnim tajemstvim a stavaji se obecne znamymi a v zasade tak volnymi k vyuziti.

pokud vlastnik reseni nema zajem na zajisteni vlastni prumyslove-pravni ochrany a nechce, aby ochrana shodneho reseni a vylucne pravo k nemu nebyly poskytnuty treti osobe nebo konkurenci, musi reseni kvalifikovane zverejnit, napriklad v casopise nebo verejne prednasce. vzhledem k tomuto zverejneni se reseni stane stavem techniky a nebude tedy splnovat podminky pro poskytnuti prumyslove-pravni ochrany.

pokud si vlastnik nezajisti nekterou z uvedenych forem ochrany, musi pocitat s tim, ze shodne reseni muze vyuzivat kdokoliv, aniz je mozne mu v tom ucinne branit.

vice na https://upv.gov.cz/o-uradu/nejcastejsi-dotazy-faq-"
3		hlasem	rekni mi, jak chranit predmety technickeho (charakteru | typu); jake jsou moznosti ochrany (technickych reseni | technickeho reseni); jak chranit technicke reseni?; jake jsou zpusoby ochrany predmetu technickeho (charakteru | typu); zpusob ochrany (technickych reseni | technickeho reseni); jak zajistit technicke reseni?; jake jsou moznosti ochrany predmetu technickeho (charakteru | typu); jake jsou moznosti ochrany (technickeho reseni | technickych reseni); rekni mi jak chranit predmety technickeho (charakteru | typu).	
4	q3	slovem	pomoc s (registraci | prihlaskou) (vynalezu | patentu | uzitneho vzoru | prumysloveho vzoru | ochranne znamky | prumysloveho designu | ochranneho oznaceni); kdo pomuze s (prihlaskou | prihlasovanim) (vynalezu | patentu | uzitneho vzoru | prumysloveho vzoru | ochranne znamky | prumysloveho designu | ochranneho oznaceni)?; kdo poskytne pomoc s (registraci | prihlaskou) (vynalezu | patentu | uzitneho vzoru | prumysloveho vzoru | ochranne znamky | prumysloveho designu | ochranneho oznaceni)?; pomuzete mi s (registraci | prihlaskou) (vynalezu | patentu | uzitneho vzoru | prumysloveho vzoru | ochranne znamky | prumysloveho designu | ochranneho oznaceni)? na koho se muzu obratit s (registraci | prihlaskou) (vynalezu | patentu | uzitneho vzoru | prumysloveho vzoru | ochranne znamky | prumysloveho designu | ochranneho oznaceni)? na koho se obratit s (registraci | prihlaskou) (vynalezu | patentu | uzitneho vzoru | prumysloveho vzoru | ochranne znamky | prumysloveho designu | ochranneho oznaceni)?	"priprava a zpracovani prihlasek k predmetum prumyslove ochrany predpoklada specificke znalosti a zkusenosti. predevsim v pripade prihlasek vynalezu se doporucuje, aby byly zpracovany odbornikem, jelikoz nespravne zpracovane prihlasky vynalezu a zejmena jejich patentove naroky mohou mit pro prihlasovatele negativni nasledky, zejmena pokud jde o ziskany rozsah ochrany.

pomoc, pripadne odborne zastoupeni, mohou nalezt prihlasovatele u patentovych zastupcu a u advokatnich kancelari. vice informaci o zastupovani je mozne nalezt na webovych strankach komory patentovych zastupcu a ceske advokatni komory.

zakladni informace spojene s problematikou ochrany technickych reseni ci s rizenim o prihlaskach vynalezu a uzitnych vzoru, stejne jako informace spojene se znamkopravni problematikou, s rizenim o prihlaskach ochrannych znamek ci zatridovanim vyrobku a sluzeb pro ucely znamkopravniho rizeni vam mohou poskytnout pracovnici informacniho strediska uradu prumysloveho vlastnictvi.

vice na https://upv.gov.cz/o-uradu/nejcastejsi-dotazy-faq-. komora patentovych zastupcu zde: https://www.patzastupci.cz/. ceska advokatni komora zde: https://www.cak.cz/. helpdesk upv zde: https://upv.gov.cz/sluzby/informacni-sluzby/informacni-stredisko.  "
5		hlasem	pomuzes mi (zaregistrovat | podat prihlasku) (vynalezu | patentu | uzitneho vzoru | prumysloveho vzoru | ochranne znamky | prumysloveho designu | ochranneho oznaceni)?; kdo mi pomuze s (registraci | prihlaskou) (vynalezu | patentu | uzitneho vzoru | prumysloveho vzoru | ochranne znamky | prumysloveho designu | ochranneho oznaceni?); pomuzete mi s (registraci | prihlaskou) (vynalezu | patentu | uzitneho vzoru | prumysloveho vzoru | ochranne znamky | prumysloveho designu | ochranneho oznaceni)? na koho se muzu obratit s (registraci | prihlaskou) (registraci | prihlaskou) (vynalezu | patentu | uzitneho vzoru | prumysloveho vzoru | ochranne znamky | prumysloveho designu | ochranneho oznaceni)? na koho se obratit s (registraci | prihlaskou) (registraci | prihlaskou) (vynalezu | patentu | uzitneho vzoru | prumysloveho vzoru | ochranne znamky | prumysloveho designu | ochranneho oznaceni)?	
6	q4	slovem	"vymahani prav z prumysloveho vlastnictvi; vymahani prav; jak vymahat (prava | pravo); co je to vymahani prava z prumysloveho vlastnictvi?; co znamena vymahani prava z prumysloveho vlastnictvi?; jak vymahat prava z prumysloveho vlastnictvi?; co delat v pripade poruseni prav prumysloveho vlastnictvi? co delat v pripade poruseni prav?
"	"v pripade neopravneneho zasahu do prav z prumysloveho vlastnictvi - patentu, zapsaneho uzitneho nebo prumysloveho vzoru je mozne se domahat u soudu zejmena toho, aby ruseni prava bylo zakazano a aby nasledky poruseni byly odstraneny. pokud byla v dusledku porusovani prav zpusobena skoda, ma poskozeny pravo na jeji nahradu.

vymahat prava z prumysloveho vlastnictvi je opravnen vlastnik nebo majitel prava, pripadne dalsi opravnena osoba podle zakona o vymahani prav z prumysloveho vlastnictvi.

vice na https://upv.gov.cz/o-uradu/nejcastejsi-dotazy-faq-"
7		hlasem	"co mam delat v pripade poruseni (prava | prav)? co mam delat v pripade poruseni prava prumysloveho vlastnictvi? rekni mi jak vymahat prava z prumysloveho vlastnictvi; jak vymahat prava; co je to vymahani prava? co je to vymahani prava z prumysloveho vlastnictvi?; co znamena vymahani (prav | prava) z prumysloveho vlastnictvi?; jak vymahat prava z prumysloveho vlastnictvi?; jak postupovat kdyz bylo poruseno pravo prumysloveho vlastnictvi?
"	
8	q5	slovem	spory; spor; prosazovani prav; prosazovani prav z prumysloveho vlastnictvi; pomoc ve (sporu | sporech); co delat ve sporu?; (pomuzes | pomuzete) mi s prosazovanim prav?; jak postupovat pri (sporu | sporech)?; poskytujete pomoc pri (prosazovani prav | prosazovani prav z prumysloveho vlastnictvi | ve sporech | ve sporu)?; jak probiha prosazovani prav z prumysloveho vlastnictvi?; jak probiha prosazovani prav? pomahate se (zajistenim | prosazovanim) prav?; pomahate se (zajistenim | prosazovanim) prav z prumysloveho vlastnictvi? muze (urad | upv) pomoci (s prosazovanim prav | ve sporech | ve sporu)? pomuze (urad | upv | vy) ve sporech? muzu se na vas obratit v prosazovani svych prav? jak mi pomuzete s prosazovanim prav? pomuzete mi ve sporu? chci vedet jeslti mi pomuzete pri (prosazovani prav | ve sporu); jak se muzu branit (ve sporu | v prosazovani prav)?	"pokud se jedna o spor nebo nejasnosti o vyuzivani patentu ci zapsaneho uzitneho vzoru, opravnuji pravni predpisy urad prumysloveho vlastnictvi k tomu, aby rozhodl, zda urcite technicke reseni, napriklad konkurencni vyrobek, spada do rozsahu patentu nebo zapsaneho uzitneho vzoru. rozhodnuti urad vyda na zaklade zadosti o urceni, podane bud majitelem patentu ci uzitneho vzoru, nebo osoby, ktera osvedci pravni zajem. rozhodnuti o urceni je mozne v pripade sporu predlozit soudu jako dukaz, soud vsak timto rozhodnutim neni vazan.

urcitou moznost v ramci prosazovani prav pro treti osoby predstavuje navrh na zruseni patentu v pripade, ze se dodatecne zjisti, ze chraneny vynalez nesplnuje podminky patentovatelnosti. castecne nebo uplne zruseni patentu lze dosahnout na zaklade zadosti, kterou muze u uradu prumysloveho vlastnictvi podat kdokoliv. podobne je takto mozne postupovat i u vymazu uzitneho a prumysloveho vzoru.

v pripade ochrannych znamek je mozne ve lhute tri mesicu od zverejneni prihlasovaneho oznaceni v zakonem uvedenych pripadech podat namitky proti zapisu oznaceni do rejstriku ochrannych znamek. po zapisu ochranne znamky do rejstriku je mozne u uradu podat navrh na zruseni ochranne znamky ci navrh na prohlaseni ochranne znamky za neplatnou.

k zajisteni ochrany vasich prav z prumysloveho vlastnictvi se doporucuje sledovat pravidelne vestnik uradu, kde jsou pravidelne zverejnovany informace o prihlaskach i poskytnutych pravech - tj. o patentech, zapsanych uzitnych a prumyslovych vzorech i ochrannych znamkach, platnych na nasem uzemi.

vice na https://upv.gov.cz/o-uradu/nejcastejsi-dotazy-faq-. vestnik zde: https://isdv.upv.cz/webapp/resdb.vestnik.seznam"
9		hlasem	spory; spor; prosazovani prav; prosazovani prav z prumysloveho vlastnictvi; pomoc ve (sporu | sporech); co delat ve sporu?; rekni mi co delat ve sporu; rekni mi jeslti poskytujete pomoc pri sporech; (pomuzes | pomuzete) mi s prosazovanim prav? jak postupovat pri (sporu | sporech)? poskytujete pomoc pri (prosazovani prav  | prosazovani prav z prumysloveho vlastnictvi | ve sporech | ve sporu)? jak probiha prosazovani prav z prumysloveho vlastnictvi?; jak probiha prosazovani prav? pomahate se (zajistenim | prosazovanim) prav?; pomahate se (zajistenim | prosazovanim) prav z prumysloveho vlastnictvi? muze (urad | urad | upv) pomoci (s prosazovanim prav | ve sporech | ve sporu)? pomuze (urad | urad | upv | vy) ve sporech? muzu se na vas obratit v prosazovani svych prav? jak mi pomuzete s prosazovanim prav? pomuzete mi ve sporu? chci vedet jeslti mi pomuzete pri (prosazovani prav | ve sporu); jak se muzu branit (ve sporu | v prosazovani prav)?	
10	q6	slovem	(porusovani | poruseni) prav z dusevniho vlastnictvi; (kam | na koho) se obratit v pripade poruseni prav z dusevniho vlastnictvi?; kde hledat pomoc (pri | v pripade) poruseni prav dusevniho vlastnictvi?; jak vymahat prava z dusevniho vlastnictvi? na koho se obratit s vymahanim prav z dusevniho vlastnictvi? kdo mi pomuze s vymahanim prav z dusevniho vlastnictvi? kdo mi pomuze pri poruseni prav z dusevniho vlastnictvi? jak chranit prava dusevniho vlastnictvi?	"

v pripade, ze zjistite porusovani prav z dusevniho vlastnictvi, je mozne se obratit na nektere verejnopravni instituce. problematikou porusovani prav z dusevniho vlastnictvi se zabyva ceska obchodni inspekce, ktera kontroluje, zda nedochazi ke klamani spotrebitele porusovanim prav dusevniho vlastnictvi. kontrolni cinnosti v teto oblasti provadi take statni zemedelske a potravinarska inspekce, zivnostenske urady a statni ustav pro kontrolu leciv. celni sprava ceske republiky se zapojuje do boje proti padelani a piratstvi. celni organy jsou opravneny zasahnout vuci zbozi, ktere je podezrele z porusovani prav dusevniho vlastnictvi a umoznit majitelum dotcenych prav jejich ochranu. povinnost plnit ukoly pri ochrane prav k dusevnimu vlastnictvi ma take policie cr.

prava z dusevniho vlastnictvi lze vymoci i soukromopravni cestou prostrednictvim soudu, pripadne i rozhodcu.

nez vlastnik prava zvoli soudni cestu, mel by vyuzit vsechny moznosti mimosoudni obrany proti porusovani prav. nejprve nejlepe formou doporuceneho dopisu oslovit domneleho porusovatele a zahajit s nim jednani. soucasti jednani muze byt take nabidka licence.

pokud uvedenych moznosti nevyuziji nebo nedojdou k oboustranne dohode, nezbyva nez vyuzit moznosti, ktere poskytuji pravni predpisy, napriklad zakon o vymahani prav z prumysloveho vlastnictvi. v takovem pripade je vhodne vyuzit sluzeb advokata ci patentoveho zastupce. v pripade vznikle skody muze opravnena osoba pozadovat jeji nahradu nebo nahradu za bezduvodne obohacovani, pripadne primerene zadostiucineni.

vymahat pravo z dusevniho vlastnictvi je mozne take zalobou proti nekale soutezi dle obcanskeho zakoniku.

pokud dojde k umyslnemu poruseni prav z prumysloveho vlastnictvi, muze se jednat o trestny cin, za ktery je mozne ulozit trest odneti svobody, penezity trest nebo propadnuti veci.

v pripade, ze protipravni jednani nema charakter trestneho cinu, je mozny postih v ramci prestupkoveho zakona. za takovy prestupek mohou obecni urady ulozit pokutu, trest propadnuti veci, pripadne trest zakazu cinnosti.

vice na https://upv.gov.cz/o-uradu/nejcastejsi-dotazy-faq-"
11		hlasem	(porusovani | poruseni) prav z dusevniho vlastnictvi; (kam | na koho) se obratit pri poruseni prav z dusevniho vlastnictvi?; kde hledat pomoc (pri | v pripade) poruseni prav dusevniho vlastnictvi?; jak vymahat prava z dusevniho vlastnictvi? na koho se obratit s vymahanim prav z dusevniho vlastnictvi? kdo mi pomuze s vymahanim prav z dusevniho vlastnictvi? kdo mi pomuze pri poruseni prav z dusevniho vlastnictvi? jak chranit prava dusevniho vlastnictvi?	
12	q7	slovem	lhuta pro podani namitek; lhuta pro podani namitek proti zapisu; lhuta pro podani namitek proti zapisu prihlasovaneho oznaceni do rejstriku ochrannych znamek; jaka je lhuta pro podani namitek?; zapis prihlasovaneho oznaceni; zapis prihlasovaneho oznaceni do rejstriku ochrannych znamek; lze prodlouzit lhutu pro podani namitek? do kdy muzu podat namitku proti zapisu?	"lhuta k podani namitek proti zapisu prihlasovaneho oznaceni do rejstriku ochrannych znamek trva ze zakona o ochrannych znamkach tri mesice od data zverejneni prihlasky ochranne znamky ve vestniku uradu a nelze ji prodlouzit a ani jeji zmeskani prominout.

vice na https://upv.gov.cz/o-uradu/nejcastejsi-dotazy-faq-"
13		hlasem	lhuta pro podani namitek; lhuta pro podani namitek proti zapisu; lhuta pro podani namitek proti zapisu prihlasovaneho oznaceni do rejstriku; podani namitek; jaka je lhuta pro podani namitek?; rekni mi jaka je uhuta k podani namitek; zapis prihlasovaneho oznaceni; zapis prihlasovaneho oznaceni do rejstriku ochrannych znamek; lze prodlouzit lhutu pro podani namitek? do kdy muzu podat namitku proti zapisu? muzu podat namitku proti zapisu?	
14	q8	slovem	namitky. namitka. namitkove rizeni. kdo muze podat (namitky | namitku)?; kdo ma pravo vznest (namitku | namitky)?; muzu podat namitku proti zapisu do rejstriku? jak probiha namitkove rizeni? muzu podat namitku proti zapisu?	"namitky mohou podat osoby vymezene v ustanoveni 7 zakona o ochrannych znamkach. nejcasteji se jedna o vlastnika ochranne znamky, uzivatele nezapsaneho ci jineho oznaceni nebo osoby, jejichz zakonem chranene pravo muze byt prihlaskou ochranne znamky dotceno.

vice na https://upv.gov.cz/o-uradu/nejcastejsi-dotazy-faq-"
15		hlasem	namitky. namitka. namitkove rizeni. kdo muze podat (namitky | namitku)?; kdo ma pravo vznest (namitku | namitky)?; muzu podat namitku proti zapisu do rejstriku? rekni mi kdo muze podat namitku proti zapisu do rejstriku? jak probiha namitkove rizeni? jak podat namitku? 	
16	q9	slovem	rozsireni namitky. nove dukazy pri namitce. muzu (namitku | namitky) doplnit (novymi dukazy | dokumentaci | oduvodnenim)? lze (namitku | namitky) doplnit (novymi dukazy | dokumentaci)? lze namitku rozsirit? je mozne rozsirit namitku? 	"namitky je treba podat, a zaplatit prislusny spravni poplatek, ve lhute 3 mesicu od data zverejneni prihlasky ochranne znamky, proti jejimuz zapisu smeruji. v teto lhute lze doplnovat dukazy ci rozsirit namitkove duvody. k doplneni namitek a k dukazum predlozenym na jejich podporu po lhute 3 mesicu od zverejneni prihlasky se neprihlizi, jestlize se nejedna o takove dukazy, ktere by mely primou vazbu na dukazy predlozene v zakonem stanovene lhute.

https://upv.gov.cz/o-uradu/nejcastejsi-dotazy-faq-"
17		hlasem	rozsireni namitky. nove dukazy pri namitce. muzu (namitku | namitky) doplnit (novymi dukazy | dokumentaci | oduvodnenim)? lze (namitku | namitky) doplnit (novymi dukazy | dokumentaci | oduvodnenim)? lze namitku rozsirit? je mozne rozsirit namitku? rekni mi, jeslti muzu podat nove dukazy pri namitce. rekni mi, jeslti muzu rozsirit namitku.  	
18	q10	slovem	obdrzeni namitky. co delat kdyz (dostanu | obdrzim) namitku. jak postupovat kdyz (dostanu | obdrzim) namitku. jak postupovat pri obdrzeni namitky. (dostal | dostala | dostali) jsme namitky, co (mam | mame) delat? (dostal | dostala | dostali) jsme namitky, jak postupovat? (dostal | dostala | dostali) jsme namitky, co bude nasledovat? 	"v pripade obdrzeni namitky je treba zhodnotit jejich opodstatnenost, a nasledne formulovat vas nazor v pisemnem vyjadreni a podporit ho vhodnymi doklady. toto vyjadreni je mozne samostatne vypracovat nebo tim poverit sveho pravniho zastupce (nejcasteji advokata nebo patentoveho zastupce).

spolecne s namitkami je prihlasovateli dorucen postupovaci dopis uradu, v nemz je stanovena lhuta k podani vyjadreni. tuto lhutu je mozno na zaklade zpoplatnene zadosti prodlouzit. v pripade, ze se k namitkam ve stanovene lhute prihlasovatel nevyjadri, rozhodne urad o namitkach podle obsahu spisu.

v ramci predmetu sporu se lze tez pokusit o nalezeni smirneho reseni formou dohody s namitajicim. k dalsim moznostem reseni sporu lze napriklad zaradit omezeni prihlasovaneho seznamu o namitkami dotcene vyrobky nebo sluzby, cimz odpadne duvod podani namitek. toto omezeni lze provest kdykoliv a nelze ho vzit zpet.

pokud je prihlaska ochranne znamky napadana jen v urcitem rozsahu vyrobku nebo sluzeb, muze prihlasovatel svou prihlasku ochranne znamky rozdelit a namitkami dotcene vyrobky nebo sluzby vyclenit do samostatne prihlasky ochranne znamky.

v neposledni rade muze prihlasovatel vzit svou prihlasku ochranne znamky kdykoliv zpet. v takovem pripade se rizeni o prihlasce ochranne znamky a nasledne i rizeni o namitkach zastavi (a spravni poplatek za podani prihlasky ochranne znamky se nevraci).

vice na https://upv.gov.cz/o-uradu/nejcastejsi-dotazy-faq-"
19		hlasem	obdrzeni namitky. co delat kdyz (dostanu | obdrzim) namitku. jak postupovat kdyz (dostanu | obdrzim) namitku. jak postupovat pri obdrzeni namitky. (dostal | dostala | dostali) jsme namitky, co (mam | mame) delat? (dostal | dostala | dostali) jsme namitky, jak postupovat? (dostal | dostala | dostali) jsme namitky, co bude nasledovat? rekni mi co mam delat kdyz (dostanu | obdrzim) namitku. rekni mi jak mam postupovat kdyz (dostanu | obdrzim) namitku. 	
20	q11	slovem	ochranna znamka. ochranna znamka s dobrym jmenem. dobre jmeno. renome. co je ochranna znamka s (dobrym jmenem | dobrou povesti | renome) ?; co znamena (dobrym jmenem | dobrou povesti | renome)?; definice ochranne znamky s (dobrym jmenem | dobrou povesti | renome);	"dobre jmeno je u zapsane ochranne znamky vyjadrenim toho, ze verejnost tuto ochrannou znamku v dusledku jejiho uzivani zna a spojuje ji s dobrymi vlastnostmi, ktere od vyrobku nebo sluzeb takto oznacenych ocekava. to, ze je ochranna znamka znama siroke verejnosti, ze je spojovana v podvedomi spotrebitelu s tradicne dobrymi vlastnostmi vyrobku nebo urovni poskytovanych sluzeb, jsou skutecnosti, ze kterych vyplyva, ze ochranna znamka ma dobre jmeno. 

vybudovat si dobre jmeno lze jen radnym uzivanim ochranne znamky v souvislosti s vyrobky nebo sluzbami, na ktere se zapis ochranne znamky vztahuje. protoze jde o vlastnost ochranne znamky, kterou ji pripisuji spotrebitele, neni nemenna v case, a je nutno ji prokazovat v kazdem dalsim rizeni.

vice na https://upv.gov.cz/o-uradu/nejcastejsi-dotazy-faq-"
21		hlasem	ochranna znamka. ochranna znamka s dobrym jmenem. dobre jmeno. renome. co je ochranna znamka s (dobrym jmenem | dobrou povesti | renome) ?; co znamena (dobrym jmenem | dobrou povesti | renome)?; definice ochranne znamky s (dobrym jmenem | dobrou povesti | renome); rekni mi co je ochranna znamka s (dobrym jmenem | dobrou povesti | renome).	
22	q12	slovem	vseobecne znama znamka. co je vseobecne znama znamka?; co znamena vseoobecne znama znamka?; definice vseobecne zname znamky.	"vseobecne znamou znamkou je takove oznaceni, ktere svou ochranu ziskalo nikoliv zapisem do rejstriku ochrannych znamek, ale ziskanim vseobecne znamosti v dusledku sveho uzivani. je to znamka natolik silna, ze se vzila pro vyrobky nebo sluzby sveho vlastnika v prislusnem okruhu verejnosti natolik, ze ma rozlisovaci zpusobilost, a to i presto, ze nebyla formalne zapsana do rejstriku ochrannych znamek. tuto skutecnost je rovnez treba prokazovat vzdy v konkretnim rizeni. jedna se o znamku nezapsanou pro uzemi statu, ve kterem je namitana, bez ohledu na to, zda je ci neni zapsana v jinem state.

vice na https://upv.gov.cz/o-uradu/nejcastejsi-dotazy-faq-"
23		hlasem	ochranna znamka. vseobecne znama znamka. co je vseobecne znama znamka?; co znamena vseoobecne znama znamka?; definice vseobecne zname znamky. rekni mi co je vseobecne znama znamka. jaka je definice vseobecne zname znamky?	
24	q13	slovem	mistni dosah. co (je | znamena) mistni dosah? co (je | znamena) mistni dosah nezapsaneho ci jineho oznaceni? definice mistniho dosahu? jaka je definice mistniho dosahu?  	"mistni dosah nelze vykladat pouze ve smyslu uzemnim, tedy jako geografickou oblast kde bylo oznaceni uzivano, ale hlavne ve smyslu rozsahu uzivani nezapsaneho ci jineho oznaceni v obchodnim styku, co do jeho kvantity a kvality. jedna se napriklad o podil vyrobku nebo sluzeb opatrenych nezapsanym ci jinym oznacenim v danem segmentu trhu, o delku i aktivitu pusobeni na trhu, nebo o celkove ekonomicke postaveni nezapsaneho ci jineho oznaceni na trhu. prekonani mistniho dosahu lze konstatovat na zaklade relevantnich dokladu predlozenych v dostatecnem mnozstvi.

vice na https://upv.gov.cz/o-uradu/nejcastejsi-dotazy-faq-"
25		hlasem	mistni dosah. co (je | znamena) mistni dosah? co (je | znamena) mistni dosah nezapsaneho ci jineho oznaceni? definice mistniho dosahu? jaka je definice mistniho dosahu? rekni mi, co je mistni dosah? rekni mi jaka je definice mistniho dosahu?	
26	q14	slovem	pripominky. pripominka. kdo muze podat pripominky? jake jsou opravnene osoby k podani pripominek? muzu podat (pripominku | pripominky)?	"okruh osob opravnenych podat pripominky k zapisu prihlasovaneho oznaceni do rejstriku ochrannych znamek neni zakonem nijak omezen. muze je tedy podat kdokoliv.

vice na https://upv.gov.cz/o-uradu/nejcastejsi-dotazy-faq-"
27		hlasem	pripominky. pripominka. kdo muze podat pripominky? jake jsou opravnene osoby k podani pripominek? muzu podat (pripominku | pripominky)? rekni mi kdo muze podat (pripominku | pripominky)? 	
28	q15	slovem	lhuta k podani pripominek. lhuta pripominky. jaka je lhuta k podani pripominek? do kdy (muzu | lze)  podat proipominky?	"kazdy muze do konce lhuty pro podani namitek podat uradu pripominky zalozene na duvodech dle ustanoveni 4 zakona o ochrannych znamkach. k pripominkam urad prihledne pri rozhodovani o zapisu ochranne znamky do rejstriku. osoba, ktera podala pripominky, se nestava ucastnikem rizeni o prihlasce pred uradem.

vice na https://upv.gov.cz/o-uradu/nejcastejsi-dotazy-faq-"
29		hlasem	lhuta k podani pripominek. lhuta pripominky. jaka je lhuta k podani pripominek? do kdy (muzu | lze)  podat proipominky? rekni mi do kdy muzu podat (pripominku | pripominky). rekni mi jaka je lhuta k podani (pripominky | pripominek).	
30	q16	slovem	poplatek (namitky | namitka | pripominka | pripominky). spravni poplatek (namitky | namitka | pripominka | pripominky). jaky je spravni poplatek za (namitky | namitku | pripominku | pripominky). vyse spravniho poplatku za (namitky | namitku | pripominku | pripominky). jaka je vyse spravniho poplatku za (namitky | namitku | pripominku | pripominky). 	"podle sazebniku spravnich poplatku, ktery je prilohou zakona o spravnich poplatcich, ve zneni pozdejsich predpisu, je podani namitek zpoplatneno castkou ve vysi 1000 kc.
podani pripominek neni zpoplatneno.

vice na https://upv.gov.cz/o-uradu/nejcastejsi-dotazy-faq-"
31		hlasem	poplatek (namitky | namitka | pripominka | pripominky). spravni poplatek (namitky | namitka | pripominka | pripominky). jaky je spravni poplatek za (namitky | namitku | pripominku | pripominky). vyse spravniho poplatku za (namitky | namitku | pripominku | pripominky). jaka je vyse spravniho poplatku za (namitky | namitku | pripominku | pripominky). rekni mi jaky je poplatek za (namitky | namitka | pripominka | pripominky). rekni mi vysi poplatku za (namitky | namitku | pripominku | pripominky).	
32	q17	slovem	podani (namitky | namitek). formular (namitky | namitek). kde najdu formular (namitky | namitek). jak podat (namitku | namitky)? co obsahuje formular namitky? co musi obsahovat (namitka | namitky).	"namitky vcetne dukazu se podavaji ve dvojim vyhotoveni a obsahuji:

    udaje o totoznosti osoby, jez podala namitky, pripadne plnou moc, je-li namitajici zastoupen;
    udaje o prihlasce, proti niz namitky smeruji;
    oznaceni vyrobku  nebo sluzeb, jichz se namitky tykaji, nebo udaj, ze se tykaji vsech vyrobku nebo sluzeb uvedenych v prihlasce;
    vecne oduvodneni namitek;
    ceho se namitajici domaha;
    podpis.

pro podani namitek je mozne pouzit formular uradu, kde jsou vsechny nalezitosti uvedeny. pouziti formulare uradu neni povinne. formular lze nalezt zde: https://upv.gov.cz/prumyslova-prava/formulare. vice na https://upv.gov.cz/o-uradu/nejcastejsi-dotazy-faq- "
33		hlasem	podani (namitky | namitek). formular (namitky | namitek). kde najdu formular (namitky | namitek). jak podat (namitku | namitky)? co obsahuje formular namitky? co musi obsahovat (namitka | namitky). rekni mi, kde najdu formular k podani (namitek | namitky). rekni mi jak podat namitky. rekni mi co musi obsahovat namitky.	
34	q18	slovem	podani pripominky. formular pripominky. kde najdu formular pripominky. jak podat pripominky? co obsahuje formular pripominky. co musi obsahovat pripominky. 	"pripominky k prihlasce ochranne znamky obsahuji:

    jmeno a prijmeni, adresu mista trvaleho pobytu;
    udaje o cisle spisu prihlasky vcetne udaju o totoznosti prihlasovatele;
    vecne oduvodneni pripominek;
    podpis.

pro podani pripominek je mozne pouzit formular uradu, kde jsou vsechny nalezitosti uvedeny. pouziti formulare uradu neni povinne . formular lze nalezt zde https://upv.gov.cz/prumyslova-prava/formulare. vice na https://upv.gov.cz/o-uradu/nejcastejsi-dotazy-faq-"
35		hlasem	podani pripominky. formular pripominky. kde najdu formular pripominky. jak podat pripominky? co obsahuje formular pripominky. co musi obsahovat pripominky. rekni mi, kde najdu formular k podani pripominky. rekni mi jak podat pripominky. rekni mi co musi obsahovat pripominky.	
36	q19	slovem	vymaz. vymaz ochranne znamky. vymaz zaregistrovane ochranne znamky. je mozny vymaz ochranne znamky? jak dosahnout vymazu ochranne znamky? 	"existuji dve moznosti jak docilit ukonceni zapisu ochranne znamky v rejstriku. zapsanou ochrannou znamku lze zrusit na navrh podany podle ustanoveni 31 zakona zakona o ochrannych znamkach, nebo prohlasit za neplatnou na zaklade navrhu uplatneneho podle ustanoveni 32 tehoz zakona.

vice na https://upv.gov.cz/o-uradu/nejcastejsi-dotazy-faq-"
37		hlasem	vymaz. vymaz ochranne znamky. vymaz zaregistrovane ochranne znamky. je mozny vymaz ochranne znamky? jak dosahnout vymazu ochranne znamky? rekni mi jak vymazat ochrannou znamku. rekni mi jak dosahnout vymazu ochranne znamky? 	
38	q20	slovem	zruseni ochranne znamky. neplatnost ochranne znamky. zneplatneni ochranne znamky. jaky je rozdil mezi zrusenim ochranne znamky a prohlasenim ochranne znamky za neplatnou? co znamena zruseni ochranne znamky? co znamena zneplatneni ochranne znamky? 	"zruseni ochranne znamky a neplatnost ochranne znamky se uplatnuji az po zapisu ochranne znamky do rejstriku. maji vsak rozdilne moznosti uplatneni, zduvodneni a predevsim ucinky. navrh na zruseni ochranne znamky je mozno vznest proti ochranne znamce, ktera neni radne uzivana, stala se oznacenim v obchode obvyklym, jeji uzivani muze vest ke klamani verejnosti nebo je na zaklade soudniho rozhodnuti jeji uziti nedovolenym souteznim jednanim. ochranna znamka pozbyva sve ucinky az po nabyti pravni moci rozhodnuti o jejim zruseni.

navrh na prohlaseni ochranne znamky za neplatnou se podava z duvodu vymezenych ustanovenim 32 zakona o ochrannych znamkach. navrh lze uplatnit na zaklade udajneho zapisu ochranne znamky v rozporu s ustanovenim 4 nebo 6 zmineneho zakona. navrh muze pripadne vznest osoba uvedena v ustanoveni 7 tehoz zakona, ktere vymezuje duvody podani namitek proti zapisu prihlasky ochranne znamky do rejstriku. prohlaseni ochranne znamky za neplatnou znamena, ze se na takovou ochrannou znamku hledi, jako by nikdy nebyla zapsana.

vice na https://upv.gov.cz/o-uradu/nejcastejsi-dotazy-faq-"
39		hlasem	zruseni ochranne znamky. neplatnost ochranne znamky. zneplatneni ochranne znamky. jaky je rozdil mezi zrusenim ochranne znamky a prohlasenim ochranne znamky za neplatnou? co znamena zruseni ochranne znamky? co znamena zneplatneni ochranne znamky? rekni mi rozdil mezi zrusenim a zneplatnenim ochranne znamky. rekni mi co znamena zruseni a zneplatneni ochranne znamky. 	
40	q21	slovem	radne uzivani ochranne znamky. co je radne uzivani ochranne znamky? co znamena radne uzivani ochranne znamky? definice pojmu radne uzivani ochranne znamky.	"radne uzivani znamena, ze je ochranna znamka uzivana verejne a plni svou rozlisovaci funkci. rozumi se tim uzivani ochranne znamky v souladu s jeji zakladni funkci, kterou je zarucit identitu puvodu vyrobku nebo sluzeb, pro nez je zapsana. pri prokazovani uzivani urad posoudi zejmena rozsah a frekvenci uzivani ochranne znamky se zohlednenim povahy vyrobku nebo sluzeb a soucasne charakteristiky trhu, na kterem se vyskytuji. 

dukazem takoveho uzivani mohou byt objednavky, faktury, dodaci listy, katalogy, nabidkove listy, letaky ci jine reklamni materialy, medialni prezentace, doklady o sponzoringu medialne sledovanych udalosti. za radne uzivani nelze pokladat pouhe symbolicke uzivani, za ucelem udrzet prava z napadene ochranne znamky bez skutecneho umyslu napadenou ochrannou znamku v obchodnim styku uzivat.

vice na https://upv.gov.cz/o-uradu/nejcastejsi-dotazy-faq-"
41		hlasem	radne uzivani ochranne znamky. co je radne uzivani ochranne znamky? co znamena radne uzivani ochranne znamky? definice pojmu radne uzivani ochranne znamky. rekni mi co je radne uzivani ochranne znamky. rekni mi definici pojmu radne uzivani ochranne znamky.	
42	q22	slovem	patentove knihovny. patentova knihovna. co je patentova knihovna? jake informace (poskytuje | poskytuji) (patentova knihovna | patentove knihovny)? co najdu v patentove knihovne? jake informace dohledam v patentove knihovne? jake existuji patentove knihovny?	"patentove knihovny, mezi ktere patri urad a regionalni centra patentovych informaci, poskytuji ke studiu patentovou literaturu, tedy plne texty nebo casti textu narodnich a zahranicnich udelenych patentu, zverejnenych patentovych prihlasek, zapsanych uzitnych a prumyslovych vzoru, a take doprovodnou literaturu, tedy patentove a znamkove vestniky a tridniky. 

v soucasnosti jsou informace tohoto druhu k dispozici predevsim v elektronicke podobe prostrednictvim volne dostupnych resersnich databazi. knihovny nabizeji take provadeni patentovych a znamkovych resersi a pristupy do specializovanych komercnich databazi.

vice na https://upv.gov.cz/o-uradu/nejcastejsi-dotazy-faq-. regionalni centra patentovych informaci zde: https://upv.gov.cz/informacni-zdroje/instituce/tuzemske#patlib."
43		hlasem	patentove knihovny. patentova knihovna. co je patentova knihovna? jake informace (poskytuje | poskytuji) (patentova knihovna | patentove knihovny)? co najdu v patentove knihovne? jake informace dohledam v patentove knihovne? jake existuji patentove knihovny? rekni mi co je patentova knihovna? rekni mi co najdu v patentove knihovne?	
44	q23	slovem	reserse. jak ziskam resersi? objednat resersi. jak objednam resersi. nabizite reserse? muzu ziskat resersi? kde ziskam resersi? kde objednam resersi? je mozne objednat resersi? poskytujete reserse? 	"resersi lze ziskat na zaklade objednavky, kterou zaslete postou na adresu urad prumysloveho vlastnictvi, odbor patentovych informaci, antonina cermaka 2a, praha 6, e-mailem na adresu objednavky@upv.gov.cz, nebo do datove schranky: ix6aa38. objednavku lze take podat osobne na podatelne uradu. je mozne pozadat o resersi na vynalezy a uzitne vzory, na ochranne znamky, ci na prumyslove vzory. 

informace o poplatcich za reserse lze najit zde: https://upv.gov.cz/sluzby/informacni-sluzby/cenik-sluzeb

vice na https://upv.gov.cz/sluzby/informacni-sluzby/resersni-sluzby."
45		hlasem	reserse. jak ziskam resersi? objednat resersi. jak objednam resersi. nabizite reserse? muzu ziskat resersi? kde ziskam resersi? kde objednam resersi? je mozne objednat resersi? poskytujete reserse? rekni mi kde objednam resersi. rekni mi jeslti poskytujete reserse. rekni mi jak objednat resersi. 	
46	q24	slovem	databaze ochrannych znamek. kde vyhledam informace o (zaregistrovane | zaregistrovanych) (ochranne znamce | ochrannych znamkach) existuje databaze ochrannych znamek? kde najdu databazi ochranych znamek. jak zjistim jeslti je ochranna znamka zaregistrovana? (jak | kde) dohledat ochrannou znamku. rekni mi kde najdu informace o (zaregistrovane | zaregistrovanych) (ochranne znamce | ochrannych znamkach). rekni mi jestli existuje databaze ochrannych znamek. rekni mi jak dohledam ochrannou znamku. rekni mi kde dohledam ochrannou znamku.	"na webovych strankach uradu je k dispozici volne pristupna narodni databaze ochrannych znamek, ktera obsahuje ochranne znamky platne v cr. k provadeni znamkovych resersi je mozne vyuzit take zahranicnich databazi.

vice na https://upv.gov.cz/informacni-zdroje/narodni-databaze. narodni databaze zde: https://isdv.upv.cz/webapp/!resdb.oza.frm. zahranicni databaze zde: https://upv.gov.cz/informacni-zdroje/zahranicni-databaze-"
47		hlasem	databaze ochrannych znamek. kde vyhledam informace o (zaregistrovane | zaregistrovanych) (ochranne znamce | ochrannych znamkach) existuje databaze ochrannych znamek? kde najdu databazi ochranych znamek. jak zjistim jeslti je ochranna znamka zaregistrovana? (jak | kde) dohledat ochrannou znamku. rekni mi kde najdu informace o (zaregistrovane | zaregistrovanych) (ochranne znamce | ochrannych znamkach). rekni mi jestli existuje databaze ochrannych znamek. rekni mi jak dohledam ochrannou znamku. rekni mi kde dohledam ochrannou znamku.	
48	q25	slovem	narodni znamkova databaze. co obsahuje narodni znamkova databaze. jake informace poskytuje narodni znamkova databaze. co najdu v narodni znamkove databazi. jak casto je (databaza | narodni znamkova databaze) aktualizovana.  aktualizace (databaze | narodni znamkove databaze).	"narodni znamkova databaze obsahuje ochranne znamky prihlasene u uradu prumyslove vlastnictvi cr, mezinarodni ochranne znamky s designaci pro cr a eu a ochranne znamky evropske unie. databaze je aktualizovana denne. 

databaze obsahuje bibliograficka data o ochrannych znamkach a jejich prihlaskach, seznam vyrobku a sluzeb, informace o pravnim stavu, prehled polozek rizeni, vypis z rejstriku uradu, informace o prevodech a zmenach vlastniku ci udaje o publikaci ve vestniku uradu.

vice na https://upv.gov.cz/informacni-zdroje. narodni znamkova databaze zde: https://isdv.upv.cz/webapp/!resdb.oza.frm"
49		hlasem	narodni znamkova databaze. co obsahuje narodni znamkova databaze. jake informace poskytuje narodni znamkova databaze. co najdu v narodni znamkove databazi. jak casto je (databaza | narodni znamkova databaze) aktualizovana.  aktualizace (databaze | narodni znamkove databaze). rekni mi jake informace obsahuje (databaze | narodni znamkova databaze). rekni mi co najdu v (databazi | narodni znamkove databazi). rekni mi jak casto je (databaze | narodni znamkova databaze) aktualizovana. 	
50	q26	slovem	aktualni stav (patentu | ochranne znamky | ochrannych znamek | prumyslovych vzoru | uzitnych vzoru | oznaceni puvodu | zemepisnych oznaceni). (jak | kde) ziskat informace o aktualnim pravnim stavu (patentu | ochranne znamky | ochrannych znamek | prumyslovych vzoru | uzitnych vzoru | oznaceni puvodu | zemepisnych oznaceni); jak overim aktualni pravni stav (patentu | ochranne znamky | ochrannych znamek | prumyslovych vzoru | uzitnych vzoru | oznaceni puvodu | zemepisnych oznaceni). kde najdu informace o (patentu | ochranne znamce | ochrannych znamkych | prumyslovych vzorech | uzitnych vzorech | oznaceni puvodu | zemepisnem oznaceni). 	"informace o aktualnim pravnim stavu na uzemi cr lze ziskat zdarma v databazich na strankach uradu nebo pozadanim o resersi na pravni stav - jedna se o placenou sluzbu. v pripade prumyslovych prav prihlasovanych v zahranici lze nektere informace nalezt ve volne dostupnych databazich prislusnych narodnich uradu. odkazy na zahranicni databaze najdete v detailnejsim prehledu databazi k jednotlivym prumyslovym pravum na webu uradu. zavazne informace o pravnim stavu poskytuji prislusne narodni patentove a znamkove urady.

urad na zaklade zadosti poskytuje oficialni vypisy z jim vedenych rejstriku patentu, uzitnych vzoru, prumyslovych vzoru, ochrannych znamek a oznaceni puvodu (zemepisnych oznaceni). vydani stejnopisu, opisu, vypisu z rejstriku, spisu, urednich listin a zaznamu je za kazdou i zapocatou stranku zpoplatneno dle zakona o spravnich poplatcich castkou 100 kc.

vice na https://upv.gov.cz/informacni-zdroje. databaze zde: https://upv.gov.cz/informacni-zdroje. zahranicni databaze zde: https://upv.gov.cz/informacni-zdroje/zahranicni-databaze-. resersni sluzby zde https://upv.gov.cz/sluzby/informacni-sluzby/resersni-sluzby. narodni patentove a znamkove urady zde: https://upv.gov.cz/informacni-zdroje/instituce/zahranicni"
51		hlasem	aktualni stav (patentu | ochranne znamky | ochrannych znamek | prumyslovych vzoru | uzitnych vzoru | oznaceni puvodu | zemepisnych oznaceni). (jak | kde) ziskat informace o aktualnim pravnim stavu (patentu | ochranne znamky | ochrannych znamek | prumyslovych vzoru | uzitnych vzoru | oznaceni puvodu | zemepisnych oznaceni); jak overim aktualni pravni stav (patentu | ochranne znamky | ochrannych znamek | prumyslovych vzoru | uzitnych vzoru | oznaceni puvodu | zemepisnych oznaceni). rekni mi jak overim stav (patentu | ochranne znamky | ochrannych znamek | prumyslovych vzoru | uzitnych vzoru | oznaceni puvodu | zemepisnych oznaceni). rekni mi kde najdu informace o (patentu | ochranne znamce | ochrannych znamkach | prumyslovych vzorech | uzitnych vzorech | oznaceni puvodu | zemepisnych oznaceni). 	
52	q27	slovem	reserse v databazi ochrannych znamek; jak uskutecnit resersi v databazi ochrannych znamek? jak vyhledavat data v databazi ochrannych znamek? vyhledavani (dat | informaci) v databazi ochrannych znamek. kde najdu databazi ochrannych znamek. 	"resersi v databazi ochrannych znamek platnych v ceske republice lze provest samostatne a zdarma na webovych strankach uradu. po otevreni databaze zadate dotaz do prislusneho vyhledavaciho pole. vyhledavat lze podle cisla prihlasky, cisla zapisu, zneni ochranne znamky, vlastnika nebo prihlasovatele a dalsich udaju. priklady vyhledavani pro jednotliva vyhledavaci pole lze nalezt v napovede. 

kliknutim na ikonu lupy se zobrazi detailni vypis ochranne znamky. vypis obsahuje bibliograficka data o ochrannych znamkach, seznam vyrobku a sluzeb, informace o pravnim stavu, prehled polozek rizeni, vypis z rejstriku uradu, informace o prevodech a zmenach vlastniku, udaje o publikaci ve vestniku uradu.

vice na https://upv.gov.cz/informacni-zdroje. databaze zde: https://isdv.upv.cz/webapp/!resdb.oza.frm. vestnik zde: https://isdv.upv.cz/webapp/resdb.vestnik.seznam"
53		hlasem	reserse v databazi ochrannych znamek; jak uskutecnit resersi v databazi ochrannych znamek? jak vyhledavat data v databazi ochrannych znamek? vyhledavani (dat | informaci) v databazi ochrannych znamek. kde najdu databazi ochrannych znamek. rekni mi jak vyhledat informace v databazi ochrannych znamek? 	
54	q28	slovem	(prinos | vhodnost | vyhody) reserse. (prinos | vhodnost | vyhody) prumyslovepravni reserse. jake vyhody ziskam z prumyslovepravni reserse? proc (udelat | uskutecnit objednat) prumyslovepravni resersi. co jako (firma | spolecnost | ico) ziskam pri provedeni prumyslovepravni reserse? jake vyhody ziska (firma | spolecnost | ico) z provedeni prumyslovepravni reserse? 	"pred podanim prihlasky kazdeho prumysloveho prava (ochranna znamka, vynalez, uzitny ci prumyslovy vzor, zemepisne oznaceni ci oznaceni puvodu) je vhodne si overit, zda predmet prumysloveho prava jiz neni registrovan na jineho vlastnika ci majitele, tak aby firma predesla pripadnym pravnim sporum pri jeho uziti a aby energie a financni prostredky vynalozila ucelne.

reserse je vhodne provest vzdy pred zahajenim noveho vyrobniho programu ci projektu, jehoz vysledkem bude inovace stavajiciho vyrobku ci nastaveni dalsiho smerovani vyvoje firmy. na zaklade vysledku reserse je mozne se rozhodnout, zda neni vhodnejsi uzavrit licencni smlouvu na predmetne prumyslove pravo a overit si jeho platnost.

dale je vhodne provest resersi pred zahajenim noveho vyzkumu, a to pak i v jeho prubehu, aby mel zadavatel k dispozici nejnovejsi informace v dane oblasti.

provedeni reserse muze firme pomoci i v pripade, ze bude upozornena, ze porusuje pravo jineho subjektu nebo take ke zjisteni, jakym smerem se ubira jeji konkurence.

urad prumysloveho vlastnictvi v ramci zvysovani konkurenceschopnosti ceskych firem nabizi monitoring stavu techniky - pravidelne zasilani novych patentu z urcite oblasti techniky. 

resersni sluzby zde: https://upv.gov.cz/sluzby/informacni-sluzby/resersni-sluzby. vice na https://upv.gov.cz/o-uradu/nejcastejsi-dotazy-faq-. monitoring stavu techniky zde: https://upv.gov.cz/sluzby/informacni-sluzby/sledovani-stavu-techniky"
55		hlasem	(prinos | vyhody) reserse. (prinos | vyhody) prumyslovepravni reserse. jake vyhody ziskam z prumyslovepravni reserse? proc (udelat | uskutecnit | objednat) prumyslovepravni resersi. co jako (firma | spolecnost | ico) ziskam pri provedeni prumyslovepravni reserse? jake vyhody ziska (firma | spolecnost | ico) z provedeni prumyslovepravni reserse? rekni mi co ziskam kdyz si necham (udelat | zpracovat) prumyslovepravni resersi.	
56	q29	slovem	obnova ochranne znamky. prodlouzeni platnosti ochranne znamky. zadost o obnovu zapisu ochranne znamky. jak prodlouzit platnost ochranne znamky?  forrmular na obnovu zapisu ochranne znamky. jak prodlouzit ochrannou znamku? kdy prodlouzit ochrannou znamku?	"zapis ochranne znamky plati 10 let ode dne podani prihlasky. pokud vlastnik ochranne znamky nepozada o obnovu zapisu, ochranna znamka zanikne. urad informuje vlastnika ochranne znamky o dni uplynuti doby platnosti zapisu, a to nejpozdeji 6 mesicu pred timto dnem.

zapis ochranne znamky se na zadost jejiho vlastnika obnovi, a to vzdy na dalsich 10 let. zadost o obnovu zapisu ochranne znamky se podava nejdrive ve lhute 12 mesicu pred skoncenim doby platnosti, avsak nejpozdeji v den skonceni doby platnosti. lhutu k podani zadosti o obnovu zapisu nelze prodlouzit a jeji zmeskani nelze prominout. zadost o obnovu zapisu lze podat nejpozdeji v dodatecne lhute 6 mesicu po uplynuti doby platnosti. 

vice na https://upv.gov.cz/o-uradu/nejcastejsi-dotazy-faq-. formular zadosti o obnovu nebo prodlouzeni platnosti lze ziskat zde: https://upv.gov.cz/prumyslova-prava/formulare"
57		hlasem	obnova ochranne znamky. prodlouzeni platnosti ochranne znamky. zadost o obnovu zapisu ochranne znamky. jak prodlouzit platnost ochranne znamky?  forrmular na obnovu zapisu ochranne znamky. jak prodlouzit ochrannou znamku? kdy prodlouzit ochrannou znamku? rekni mi (jak | kdy) (prodlouzit | prodlouzim) ochrannou zmamku. rekni mi jak postupovat pri prodluzovani ochranne znamky.  	
58	q30	slovem	formular (prihlasovani | registrace) ochranne znamky. formular ochranne znamky. zadost o mezinarodni zapis ochranne znamky. formulare zadosti o mezinarodni zapis ochranne znamky. kde najdu formular k (prihlasovani | registraci) ochranne znamky? kde je formular k prihlasovani ochranne znamky. jak (prihlasit | zaregistrovat) ochrannou znamku? jak zaregistrovat ochrannou znamku do zahranici? jaky formular pouziju pri registraci ochranne znamky v zahranici. chci zaregistrovat ochrannou znamku do zahranici. mezinarodni ochranne znamky. 	"prihlasku ochranne znamky je mozne podat v elektronicke podobe, postou nebo osobne v podatelne uradu prumysloveho vlastnictvi na prislusnem formulari, ktery rovnez obsahuje podrobne pokyny pro jeho vyplnovani, vcetne zpusobu placeni spravniho poplatku. pri zasilani prihlasky elektronickou cestou je dulezite seznamit se s formaty jednotlivych druhu ochrannych znamek, ktere jsou uradem akceptovany.

zadost o mezinarodni zapis ochranne znamky lze podat soucasne s narodni prihlaskou nebo i po jejim zapisu do rejstriku. formular a dalsi informace muzete take obdrzet v informacnim stredisku uradu.

formulare je mozne stahnout zde: https://upv.gov.cz/prumyslova-prava/formulare. informacni stredisko uradu zde: https://upv.gov.cz/sluzby/informacni-sluzby/informacni-stredisko"
59		hlasem	formular (prihlasovani | registrace) ochranne znamky. formular ochranne znamky. zadost o mezinarodni zapis ochranne znamky. formulare zadosti o mezinarodni zapis ochranne znamky. kde najdu formular k (prihlasovani | registraci) ochranne znamky? kde je formular k prihlasovani ochranne znamky. jak (prihlasit | zaregistrovat) ochrannou znamku? jak zaregistrovat ochrannou znamku do zahranici? jaky formular pouziju pri registraci ochranne znamky v zahranici. chci zaregistrovat ochrannou znamku do zahranici. mezinarodni ochranne znamky. rekni mi kde najdu formular ochranne znamky. rekni mi jaky formular pouziju pri registraci ochranne znamky do zahranici. 	
60	q31	slovem	kolik stoji (prihlaseni | registrace) ochranne znamky? jaky je spravni poplatek k (prihlaseni | registraci) ochranne znamky? vyse poplatku k (registraci | prihlaseni ochranne znamky). rekni mi jak (prihlasit | zaregistrovat) ochrannou znamku. rekni mi kolik stoji prihlaseni ochranne znamky? rekni mi jaka je vyse poplatku za (registraci | prihlaseni) ochranne znamky. rekni mi jak zaregistruju ochrannou znamku do zahranici?	"prihlasovaci spravni poplatek v pripade narodni prihlasky ochranne znamky cini 5.000 kc pro 3 tridy vyrobku a sluzeb, pro kazdou dalsi tridu dalsich 500 kc. 

v pripade zadosti o mezinarodni zapis ochranne znamky cini spravni poplatek pro rizeni pred uradem 2.500 kc. 

spravni poplatky je mozne uhradit prevodem z uctu na ucet uradu (3711-21526001/0710), slozenkou nebo v hotovosti v pokladne uradu. kolkovymi znamkami lze uhradit spravni poplatek jen do vyse 5.000 kc.

tridniky zde: https://upv.gov.cz/informacni-zdroje/tridniky/tridnik-ochranne-znamky. informace o mezinarodnich ochrannych znamkach zde: https://upv.gov.cz/prumyslova-prava/ochranne-znamky/mezinarodni-ochranna-znamka. informacni stredisko uradu zde: https://upv.gov.cz/sluzby/informacni-sluzby/informacni-stredisko"
61		hlasem	kolik stoji (prihlaseni | registrace) ochranne znamky? jaky je spravni poplatek k (prihlaseni | registraci) ochranne znamky? vyse poplatku k (registraci | prihlaseni ochranne znamky). jak zaregistrovat ochrannou znamku do zahranici? jaky formular pouziju pri registraci ochranne znamky v zahranici. chci zaregistrovat ochrannou znamku do zahranici. mezinarodni ochranne znamky. rekni mi jak (prihlasit | zaregistrovat) ochrannou znamku. rekni mi kolik stoji prihlaseni ochranne znamky? rekni mi jaka je vyse poplatku za (registraci | prihlaseni) ochranne znamky. rekni mi jak zaregistruju ochrannou znamku do zahranici?	
62	q32	slovem	vyrobky a sluzby v (prihlasce | formulari | pri registraci ) ochranne znamky. trideni vyrobku a sluzeb v (prihlasce | formulari | pri registraci) ochranne znamky. jakym zpusobem se zatriduji vyrobky a sluzby, ktere je nutne uvest v prihlasce ochranne znamky k zapisu do rejstriku ochrannych znamek? jak vybrat tridu (vyrobku | sluzby) (ve formulari | pri registraci | v prihlasce) ochranne znamky?	"kazda ochranna znamka musi byt vzdy registrovana pro urcite vyrobky a sluzby vcetne uvedeni prislusnych trid uz pri podani prihlasky ochranne znamky. k tomuto ucelu slouzi tridnik ochrannych znamek. v soucasne dobe existuje 34 trid vyrobku a 11 trid sluzeb. pro vyhledani spravne tridy urciteho vyrobku ci sluzby, pripadne pro overeni, zda je mozne urcity vyraz pouzit, doporucujeme pouzit databazi tmclass.

tridnik zde: https://upv.gov.cz/informacni-zdroje/tridniky/tridnik-ochranne-znamky, tmclass zde: https://euipo.europa.eu/ec2/"
63		hlasem	vyrobky a sluzby v (prihlasce | formulari | pri registraci ) ochranne znamky. trideni vyrobku a sluzeb v (prihlasce | formulari | pri registraci) ochranne znamky. jakym zpusobem se zatriduji vyrobky a sluzby, ktere je nutne uvest v prihlasce ochranne znamky k zapisu do rejstriku ochrannych znamek? jak vybrat tridu (vyrobku | sluzby) (ve formulari | pri registraci | v prihlasce) ochranne znamky? rekni mi jak vyberu (tridu | vyrobky | sluzby) pri registraci ochranne znamky?	
64	q33	slovem	(R). tm. symboly ((C) | tm). (nutnost | povinnost) uvadeni symbolu ((C) | tm). je povinne uvadeni symbolu ((C) | tm). musim uvadet ((C) | tm)? musim uvadet symbol ((C) | tm). co znamena (symbol | znak) ((C) | tm). 	"vlastnik ochranne znamky je opravnen pouzivat spolu s ochrannou znamkou symbol (R). zalezi tedy na vas, zda u sve zapsane ochranne znamky tento symbol budete uvadet. rovnez u ochranne znamky evropske unie muze byt jako doklad o jejim zapisu uveden symbol (R) spolecne s jejim cislem. uzivani a umisteni (R) zakon nijak neupravuje. pouziti u ochranne znamky, ktera jeste neni zapsana do rejstriku, vsak muze byt posuzovano jako klamava reklama apod. v nekterych zemich se dokonce muze jednat o trestny cin.

tm ((TM)) je jina jazykova varianta symbolu (R) pro zapsanou ochrannou znamku. uziva se v ruznych castech sveta, u nas neni obvykla.
symbol (C) je svazan s autorskym pravem (copyright). problematiku autorskeho prava ma ve sve gesci ministerstvo kultury.

vice na https://upv.gov.cz/o-uradu/nejcastejsi-dotazy-faq-."
65		hlasem	(R). tm. symboly ((C) | tm). (nutnost | povinnost) uvadeni symbolu ((C) | tm). je povinne uvadeni symbolu ((C) | tm). musim uvadet ((C) | tm)? musim uvadet symbol ((C) | tm). co znamena (symbol | znak) ((C) | tm). rekni mi co je ((R) | tm). rekni mi jeslti je ((R) | tm) povinny.	
66	q34	slovem	ocenovani (prumyslovych prav | patentu | vynalezu | uzitnych vzoru | prumyslovych vzoru | ochrannych znamek). jak se provadi ocenovani (prumyslovych prav | patentu | vynalezu | uzitnych vzoru | prumyslovych vzoru | ochrannych znamek)? jaky je postup pri ocenovani (prumyslovych prav | patentu | vynalezu | uzitnych vzoru | prumyslovych vzoru | ochrannych znamek)? kdo provadi ocenovani (prumyslovych prav | patentu | vynalezu | uzitnych vzoru | prumyslovych vzoru | ochrannych znamek)? co je ocenovani (prumyslovych prav | patentu | vynalezu | uzitnych vzoru | prumyslovych vzoru | ochrannych znamek).	"ocenovani prumyslovych prav nespada do kompetence uradu prumysloveho vlastnictvi. tuto cinnost provadeji soudni znalci z oboru prumyslovych prav. rejstrik soudnich znalcu vede kazdy soud, informace lze rovnez ziskat na internetovych strankach ministerstva spravedlnosti cr pod heslem evidence znalcu, tlumocniku a znaleckych ustavu. zde je mozno vyhledat konkretniho znalce z pozadovane zemepisne oblasti cr.

vice na https://upv.gov.cz/o-uradu/nejcastejsi-dotazy-faq-. ministerstvo spravedlnosti zde: https://www.justice.cz/"
67		hlasem	ocenovani (prumyslovych prav | patentu | vynalezu | uzitnych vzoru | prumyslovych vzoru | ochrannych znamek). jak se provadi ocenovani (prumyslovych prav | patentu | vynalezu | uzitnych vzoru | prumyslovych vzoru | ochrannych znamek)? jaky je postup pri ocenovani (prumyslovych prav | patentu | vynalezu | uzitnych vzoru | prumyslovych vzoru | ochrannych znamek)? kdo provadi ocenovani (prumyslovych prav | patentu | vynalezu | uzitnych vzoru | prumyslovych vzoru | ochrannych znamek)? co je ocenovani (prumyslovych prav | patentu | vynalezu | uzitnych vzoru | prumyslovych vzoru | ochrannych znamek). rekni mi jak ocenim (prumyslove pravo | patent | vynalez | uzitny vzor | prumyslovy vzor | ochrannou znamku). rekni mi na koho se obratim pri ocenovani (prumyslovych prav | patentu | vynalezu | uzitnych vzoru | prumyslovych vzoru | ochrannych znamek).	
68	q35	slovem	jak urad podava informaci o zahajeni rizeni o zapisu prevodu (ochranne znamky | patentu | prumysloveho vzoru | uzitneho vzoru)? jak ziskam informaci o zapisu prevodu (ochranne znamky | patentu | prumysloveho vzoru | uzitneho vzoru)? jakym zpusobem ziskam informaci o zapisu prevodu (ochranne znamky | patentu | prumysloveho vzoru | uzitneho vzoru).	"po prijeti zadosti o zapis prevodu urad bez zbytecneho odkladu uvedomi smluvni strany prevodu o zahajeni rizeni o zapisu prevodu. pote urad vycka primerenou dobu (obvykle 1 mesic) a kdyz neobdrzi relevantni vytku tykajici se prevodu (zejmena od druhe smluvni strany prevodu, ktera neiniciovala rizeni)  je prevod zaregistrovan.

krome splneni zakonne povinnosti pristoupil urad k teto praxi tez s ohledem na upevneni pravni jistoty obou zucastnenych stran prevodu. duvodem byla tez snaha zamezit spekulativnim prevodum a chranit tak opravnene zajmy vlastniku prumyslovych prav.

vice na https://upv.gov.cz/o-uradu/nejcastejsi-dotazy-faq-"
69		hlasem	jak urad podava informaci o zahajeni rizeni o zapisu prevodu (ochranne znamky | patentu | prumysloveho vzoru | uzitneho vzoru)? jak ziskam informaci o zapisu prevodu (ochranne znamky | patentu | prumysloveho vzoru | uzitneho vzoru)? jakym zpusobem ziskam informaci o zapisu prevodu (ochranne znamky | patentu | prumysloveho vzoru | uzitneho vzoru). rekni mi jak ziskam informaci o zahajeni rizeni o zapisu prevodu (ochranne znamky | patentu | prumysloveho vzoru | uzitneho vzoru)?	
70	q36	slovem	zadost o zapis (prevodu | licence | zastavy). jakou formu maji mit (doklady | dokumenty) k zadostem o zapis (prevodu | licence | zastavy)? jak maji vypadat (doklady | dokumenty) k  zadostem o zapis (prevodu | licence | zastavy)	"k zadostem o zapis prevodu, licence ci zastavy se prikladaji prevodni smlouva, licencni smlouva ci zastavni smlouva, pripadne plna moc. pouze u ochrannych znamek je misto prevodni smlouvy mozno prilozit formular potvrzeni o prevodu. doklady se predkladaji i pri pisemnem podani v jednom vyhotoveni a to v originalu ci v overene kopii. podpisy na dokladech nemusi byt overeny. 

pokud je zadost podana elektronicky se zarucenym elektronickym podpisem nebo prostrednictvim datove schranky a k teto zadosti je pripojena prevodni, licencni ci zastavni smlouva, pripadne plna moc, musi byt u prilozeneho dokladu provedena autorizovana konverze do elektronicke podoby. potom ma tento dokument stejne pravni ucinky jako puvodni konvertovany dokument a neni treba zasilat uradu jeste jeho pisemny original ci overenou kopii. pokud neni autorizovana konverze do elektronicke podoby provedena, je doklad povazovan za kopii a podatel zadosti je povinen dodat uradu jeste original ci overenou kopii tohoto dokladu v papirove podobe.

pokud evropsky patentovy urad provede u evropskeho patentu v evropskem patentovem rejstriku pro ucely dalsiho rizeni pred evropskym patentovym uradem (podani odporu) zapis noveho nebo zmeneneho udaje (napriklad zmenu, prevod, prechod, licenci, zastavni pravo apod.) s ucinnosti po datu oznameni o udeleni evropskeho patentu v evropskem patentovem vestniku, tento zapis se provede v ceskem rejstriku evropskych patentu teprve na zaklade projevu vule (zadosti) opravnene osoby. 

na zadost se pohlizi obdobne, jako na zadost podanou k narodnim patentum. v pripade, ze je zadost zpoplatnena dle zakona o spravnich poplatcich, vyzaduje se k provedeni zapisu do rejstriku uhrada spravniho poplatku. k provedeni tohoto zapisu do rejstriku urad pozaduje projev vule (zadost) opravnene osoby dolozeny fotokopii sdeleni evropskeho patentoveho uradu o registraci zmeny (epo form 2544) - v tomto pripade tedy neni vyzadovan original smlouvy.

vice na https://upv.gov.cz/o-uradu/nejcastejsi-dotazy-faq-. formulare zde: https://upv.gov.cz/prumyslova-prava/formulare"
71		hlasem	zadost o zapis (prevodu | licence | zastavy). jakou formu maji mit (doklady | dokumenty) k zadostem o zapis (prevodu | licence | zastavy)? jak maji vypadat (doklady | dokumenty) k  zadostem o zapis (prevodu | licence | zastavy). rekni mi jak vypadaji (doklady | dokumenty) k zadostem o zapis (prevodu | licence | zastavy)?	
72	q37	slovem	prezidialni plna moc. co je to prezidialni plna moc. jakym zpusobem je prezidialni plna moc evidovana u uradu? jake jsou nalezitosti prezidialni plne moci?	"prezidialni plna moc je druh plne moci, kterou udeluje zmocnitel zastupci pro veskera rizeni pred uradem. v teto plne moci nejsou tedy specifikovana ani konkretni prumyslova prava ani konkretni ukony, ke kterym je zastupce zmocnen. prezidialni plna moc je predkladana v originale ci v overene kopii. podpisy nemusi byt overeny. nezbytnymi nalezitostmi jsou:

    identifikace zmocnitele,
    identifikace zmocnence,
    zmocneni,
    datum a podpis. 

vice na https://upv.gov.cz/o-uradu/nejcastejsi-dotazy-faq-"
73		hlasem	prezidialni plna moc. co je to prezidialni plna moc. jakym zpusobem je prezidialni plna moc evidovana u uradu? jake jsou nalezitosti prezidialni plne moci? rekni mi co je prezidialni plna moc. rekni mi jake jsou nalezitosti prezidialni plne moci.	
74	q38	slovem	nahlizeni do spravniho spisu. za jakych podminek lze nahlizet do spravniho spisu? jake jsou podminky nahlizeni do spravniho spisu. muzu nahlizet do spravniho spisu? 	"ucastnici rizeni maji pravo nahlizet do prislusneho spravniho spisu a porizovat si vlastnimi prostredky nebo prostredky uradu (na vlastni naklady) fotokopie casti tohoto spisu. treti strane lze povolit nahlizeni do spisu nebo jeho casti pouze tehdy, pokud v zadosti o nahlizeni do spisu prokaze pravni zajem, napriklad fotokopii dokumentu, od ktereho pravni zajem odvozuje (zaloba, soudni spor a tak dale). 

pravnim nebo vaznym duvodem pro nahlednuti do spisu muze byt vedecka ci pedagogicka cinnost, v souvislosti s niz je treba do spravniho spisu nahlednout, souvisejici soudni ci spravni rizeni nebo pravni nastupnictvi nektereho z ucastniku rizeni. zadatel, pripadne i jeho zmocnenec, musi byt v zadosti identifikovan. nahlizeni vyrizuje odpovedny pracovnik utvaru uradu, kde se spis nachazi. 

v zadosti je vhodne uvest telefonni nebo emailovy kontakt na zadatele, na kterem je mozno vyjasnit pripadne vady zadosti a sjednat termin. doporucujeme termin nahlizeni sjednat nejlepe tyden predem, aby se zabranilo casovym ztratam nahlizejiciho spojenym s transportem a pripravou spisu k nahlizeni. pred nahlizenim do spisu je treba, aby nahlizejici jednoznacne prokazal svoji totoznost, pripadne tez zmocneni k nahlizeni (napriklad plnou moci). o nahlizeni se sepise protokol.

pripadnou konzultaci s prislusnym referentem je nutno pojimat separatne od nahlizeni do spravniho spisu. o tomto jednani je nutno sepsat protokol o jednani.

vice na https://upv.gov.cz/o-uradu/nejcastejsi-dotazy-faq-"
75		hlasem		
76	q39	slovem	obnova. prodlouzeni platnosti. udrzovaci poplatky. jak pozadat o obnovu nebo prodlouzeni platnosti u (ochrannych znamek | uzitnych vzoru | prumyslovych vzoru)? jak postupovat pri placeni udrzovacich poplatku u patentu?  	"poplatky za udrzovani patentu a evropskych patentu se plati bez podani zadosti, pouze uhrazenim techto poplatku s uvedenim variabilniho symbolu (cislo patentu).

udrzovaci poplatky nelze platit kolkovymi znamkami. platcem je majitel patentu nebo jeho zastupce. tyto poplatky se plati rocne, po celou dobu platnosti patentu.

u ochrannych znamek, prumyslovych a uzitnych vzoru je treba krome uhrazeni spravniho poplatku jeste ve stanovene lhute podat zadost o obnovu (prodlouzeni platnosti). zadost muze podat pouze majitel, vlastnik nebo jeho zastupce. 

cizi statni prislusnik musi byt pro podani zadosti zastoupen, pokud v prubehu rizeni nebylo shledano, ze se jedna o osobu, ktera nemusi byt pro jednani pred uradem zastupovana (osoba zijici na uzemi evropske unie, majici sidlo podnikani, organizacni slozku nebo bydliste na uzemi ceske republiky).  

postup k uvedeni variabilniho cisla zde: https://upv.gov.cz/prumyslova-prava/poplatky/uvadeni-variabilnich-symbolu. vice na https://upv.gov.cz/o-uradu/nejcastejsi-dotazy-faq-"
77		hlasem	obnova. prodlouzeni platnosti. udrzovaci poplatky. jak pozadat o obnovu nebo prodlouzeni platnosti u (ochrannych znamek | uzitnych vzoru | prumyslovych vzoru)? obnova. prodlouzeni platnosti. udrzovaci poplatky. jak pozadat o obnovu nebo prodlouzeni platnosti u (ochrannych znamek | uzitnych vzoru | prumyslovych vzoru)? jak postupovat pri placeni udrzovacich poplatku u patentu?  	
78	q40	slovem	vypis z rejstriku. kdo muze pozadat o vypis z rejstriku? kdo si muze zazadat o vypis z rejstriku?	"o vypis z rejstriku muze zazadat kdokoliv, neni treba prokazovat pravni zajem na veci. v zadosti je treba uvest konkretni cislo prihlasky, zapisu nebo patentu. vypis obsahuje aktualni udaje vedene v rejstriku k datu vydani vypisu. u ochrannych znamek je mozno krome aktualniho vypisu vydat i vypis uplny, kde jsou uvedeny i historicke udaje, vedene v rejstriku od zapisu az do soucasnosti. 

spravni poplatek cini 100 kc za kazdou stranku. informace o poctu stran je mozno ziskat na oddeleni rejstriku. pocet stran vypisu z rejstriku ochrannych znamek je mozno zjistit take v detailu konkretniho spisu v on-line internetove databazi uradu.

urad vydava pouze vypisy z rejstriku jim vedenych. o vypisy z rejstriku vedenych mezinarodnimi urady je treba zadat u techto uradu.

databaze zde: https://isdv.upv.cz/webapp/!resdb.oza.frm. vice na https://upv.gov.cz/o-uradu/nejcastejsi-dotazy-faq-"
79		hlasem	vypis z rejstriku. kdo muze pozadat o vypis z rejstriku? kdo si muze zazadat o vypis z rejstriku? rekni mi, kdo muze pozadat o vypis z rejstriku.	
80	q41	slovem	opis. opis listiny. komu muze byt vydan opis listiny vydane uradem? muzu pozadat o opis listiny? jak pozadat o opis listiny	"opis listiny, napriklad osvedceni o zapisu nebo opis patentove listiny, lze vydat na pisemnou zadost majitele, vlastnika nebo jeho zastupce. opis obsahuje pouze ty udaje, ktere obsahovala puvodne vydana listina. spravni poplatek cini 15 kc za stranku.

vice na https://upv.gov.cz/o-uradu/nejcastejsi-dotazy-faq-
"
81		hlasem	opis. opis listiny. komu muze byt vydan opis listiny vydane uradem? muzu pozadat o opis listiny? jak pozadat o opis listiny. rekni mi jak pozadat o opis listiny. 	
82	q42	slovem	doklad o zaplaceni. jak ziskat doklad do ucetnictvi o zaplaceni za prihlasku vynalezu nebo za uhrazeni udrzovacich poplatku? (kde | jak) ziskam doklad o zaplaceni. 	"urad nevydava zadne faktury, ani potvrzeni o platbe spravnich poplatku. spravni poplatky se plati podle zakona o spravnich poplatcich, ve zneni platnych predpisu. 

vzhledem k tomu, ze vyse spravnich poplatku je pevne zakonem stanovena, pro ucely ucetnictvi je dostacujici odkaz na tento zakon a polozku sazebniku spravnich poplatku, ktery je soucasti tohoto zakona. k teto informaci prilozite vas doklad o uhrade spravniho poplatku, napriklad vypis z uctu.

vice na https://upv.gov.cz/o-uradu/nejcastejsi-dotazy-faq-"
83		hlasem	doklad o zaplaceni. jak ziskat doklad do ucetnictvi o zaplaceni za prihlasku vynalezu nebo za uhrazeni udrzovacich poplatku? (kde | jak) ziskam doklad o zaplaceni. rekni mi jak ziskam doklad (o zaplaceni | do ucetnictvi). rekni mi kdo mi vyda doklad (o zaplaceni | do ucetnictvi).	
84	q43	slovem	jaka je platnost ochranne znamky? zajima me platnost ochranne znamky. 	"ochranna znamka po zapisu plati deset let ode dne podani prihlasky. zapis ochranne znamky se na zadost vlastnika ochranne znamky obnovi, a to vzdy na dalsich 10 let. zadost o obnovu zapisu ochranne znamky se podava nejdrive 12 mesicu pred skoncenim doby platnosti a nejpozdeji v dodatecne lhute 6 mesicu po uplynuti doby platnosti znamky.

vice na https://upv.gov.cz/prumyslova-prava/ochranne-znamky"
85		hlasem	jaka je platnost ochranne znamky? zajima me platnost ochranne znamky. rekni mi jaka je platnost ochranne znamky?	
86	q44	slovem	muze prihlasku ochranne znamky podat fyzicka osoba? je mozne podat prihlasku ochranne znamky jako fyzicka osoba?	"prihlasku ochranne znamky k zapisu do rejstriku muze podat jak fyzicka, tak i pravnicka osoba. 
vice na https://upv.gov.cz/prumyslova-prava/ochranne-znamky/narodni-prihlaska-ochranne-znamky"
87		hlasem	muze prihlasku ochranne znamky podat fyzicka osoba? je mozne podat prihlasku ochranne znamky jako fyzicka osoba? rekni mi jestli fyzicka osoba muze podat prihlasku ochranne znamky?	
88	q45	slovem	vymaz ochranne znamky vlastnikem. jaky je postup pri vymazu ochranne znamky z rejstriku jejim vlastnikem. jak postupovat pri vymazu ochranne znamky z rejstriku jejim vlastnikem? 	"dle zakona o ochrannych znamkach se vlastnik muze u uradu svym prohlasenim vzdat prav k ochranne znamce v rozsahu vsech vyrobku ci sluzeb, pro ktere byla zapsana, nebo nekterych z nich. ucinky tohoto prohlaseni nastavaji dnem doruceni prohlaseni vlastnika ochranne znamky uradu a nelze je vzit zpet. urad vyznaci vzdani se prav k ochranne znamce v rejstriku a oznami je ve vestniku. vlastnik muze rovnez zaslat jen sve prohlaseni i bez vyuziti formulare, pouze dopisem.

pro zaslani prohlaseni o vzdani se prav lze pouzit formular obecne sdeleni/zadost nezpoplatnena. formular zde: https://upv.gov.cz/prumyslova-prava/formulare/elektronicky-vyplnitelne-formulare-bez-moznosti-on-line-podani-
"
89		hlasem	vymaz ochranne znamky vlastnikem. jaky je postup pri vymazu ochranne znamky z rejstriku jejim vlastnikem. jak postupovat pri vymazu ochranne znamky z rejstriku jejim vlastnikem? rekni mi jak postupovat pri vymazu ochranne znamky z rejstriku jejim vlastnikem?	
90	q46	slovem	zmena zneni nebo vzhledu zapsane ochranne znamky. je mozna zmena zneni nebo vzhledu zapsane ochranne znamky? 	"
zmena zneni nebo vzhledu zapsane ochranne znamky neni mozna. jedinou moznosti je podani nove prihlasky ochranne znamky. registrace pak bude zaviset na vysledku samotneho zapisneho rizeni, stejne jako u znamky  predchozi.

formular zde: http://www.upv.cz/cs/sluzby-uradu/formulare.html"
91		hlasem	zmena zneni nebo vzhledu zapsane ochranne znamky. je mozna zmena zneni nebo vzhledu zapsane ochranne znamky? rekni mi jeslti je mozna zmena vzhledu zapsane ochranne znamky.	
92	q47	slovem	zmena vlastnika ochranne znamky. jak zmenit vlastnika ochranne znamky? jakym zpusobem zmenit vlastnika ochranne znamky.	"pro vsechny zmeny (prevod, prechod, zmenu v udajich) je treba pouzit formular s nazvem zadost o prevod - zadost o zmenu.
k zadosti o zapis prevodu se priklada smlouva o prevodu prav. v pripade, ze nebudete jako prilohu prikladat smlouvu o prevodu, lze tuto nahradit vyplnenim a dodanim podepsaneho formulare potvrzeni o prevodu ochranne znamky.
 
v hlavicce tohoto formulare vyplnujete cislo spisu a cislo zapisu ochranne znamky, urad vyplni po obdrzeni pouze datum podani.

formulare zde: https://upv.gov.cz/files/uploads/pdf_dokumenty/forms2022v/z01_prevod_zmena_v_o.pdf, https://upv.gov.cz/files/uploads/pdf_dokumenty/forms2022v/z0p1_potvrzeni_o_prevodu_o.pdf.
"
93		hlasem	zmena vlastnika ochranne znamky. jak zmenit vlastnika ochranne znamky? jakym zpusobem zmenit vlastnika ochranne znamky. rekni mi jak zmenim vlastnika ochranne znamky. 	
94	q48	slovem	(web | webova stranka) jako ochranna znamka. je mozne nazev (webu | webovych stranek) ochranit jako ochrannou znamku? muzu zaregistrovat nazev (webu | webovych stranek) jako ochrannou znamku?	"nazev vasich webovych stranek lze ochranit jako ochrannou znamku. ochrannou znamkou muze byt oznaceni vyhovujici podminkam stanovenych zakonem o ochrannych znamkach v jeho platnem zneni. vsechny potrebne informace o prihlasovani ochrannych znamek naleznete na tomto odkazu: http://upv.cz/cs/prumyslova-prava/ochranne-znamky.html
"
95		hlasem	(web | webova stranka) jako ochranna znamka. je mozne nazev (webu | webovych stranek) ochranit jako ochrannou znamku? muzu zaregistrovat nazev (webu | webovych stranek) jako ochrannou znamku? rekni mi jeslti muzu nazev (webu | webove stranky) zaregistrovat jako ochrannoz znamku? 	
96	q49	slovem	doba rizeni narodni prihlasky ochranne znamky. v jakem casovem horizontu po registraci ochranne znamky dojde k jejim zapisu do registru. za jak dlouho bude narodni ochranna znamka zaregistrovana?	"doba rizeni narodni prihlasky ochranne znamky je v prumeru 6 az 9 mesicu od podani prihlasky a zavisi na tom, kdy je uhrazen spravni poplatek a zda je prihlaska po formalni strance (ma veskere nalezitosti, spravne zatrideny seznam vyrobku a sluzeb, apod.) a po vecne strance v poradku (zda splnuje podminky zapisu dle zakona o ochrannych znamkach).

uvedena doba rizeni zahrnuje i zakonnou trimesicni lhutu na zverejneni prihlasky pro ucely podani namitek ze strany tretich osob. pokud nejsou zadne namitky do spisu doruceny, pak se po uplynuti stanovene lhuty zapise oznaceni do rejstriku uradu. osvedceni o registraci ochranne znamky urad zasila vlastnikovi nebo jeho zastupci.

stav a postup rizeni je mozne sledovat po zadani cisla prihlasky v databazi ochrannych znamek. databaze zde: https://isdv.upv.cz/webapp/!resdb.oza.frm 
"
97		hlasem	doba rizeni narodni prihlasky ochranne znamky. v jakem casovem horizontu po registraci ochranne znamky dojde k jejim zapisu do registru. za jak dlouho bude narodni ochranna znamka zaregistrovana? rekni mi jak dlouho trva, nez je narodni ochranna znamka zaregistrovana?	
98	q50	slovem	uplynuti doby platnosti zapisu ochranne znamky. upozornuje urad na uplynuti doby platnosti zapisu ochranne znamky?	"dle zakona o ochrannych znamkachma urad prumysloveho vlastnictvi obligatorni povinnost informovat vlastnika ochranne znamky o dni uplynuti doby platnosti zapisu, a to nejpozdeji do 6 mesicu pred timto dnem. urad zasila upozorneni generovane automatickym systemem vypocetni techniky uradu a to emailem, datovou schrankou, nebo postou.
"
99		hlasem	uplynuti doby platnosti zapisu ochranne znamky. upozornuje urad na uplynuti doby platnosti zapisu ochranne znamky? rekni mi jeslti urad upozornuje na uplynuti doby platnosti zapisu ochranne znamky. 	
